,Player,Team,DYAR,DVOA,Passes_To,EYds,TD,Catch_rate,Year
0,T.Christensen,LARD,274,21.4%,146,"1,398",8,65%,1986
1,M.Bavaro,NYG,214,24.0%,102,"1,044",4,65%,1986
2,S.Jordan,MIN,187,26.4%,88,874,6,66%,1986
3,C.Didier,WAS,141,25.2%,66,671,4,52%,1986
4,R.Holman,CIN,137,31.8%,54,595,2,74%,1986
5,C.Magee,TB,109,15.6%,74,640,5,61%,1986
6,R.Francis,SF,107,20.1%,60,565,1,68%,1986
7,P.Holohan,SD,94,28.6%,40,427,1,73%,1986
8,K.Winslow,SD,84,4.2%,111,793,5,58%,1986
9,M.Shuler,NYJ,53,0.5%,104,692,4,66%,1986
10,O.Mobley,DEN,40,7.7%,42,309,1,52%,1986
11,E.Moorehead,CHI,34,5.3%,43,302,1,60%,1986
12,D.Johnson,MIA,31,6.8%,31,255,4,61%,1986
13,C.Kay,DEN,31,9.1%,25,227,1,60%,1986
14,D.Marsh,STLC,29,5.0%,42,262,0,60%,1986
15,K.Whisenhunt,ATL,29,7.6%,34,226,3,62%,1986
16,G.Baty,NE,29,1.3%,52,345,2,71%,1986
17,H.Brenner,NO,22,1.6%,34,253,0,53%,1986
18,B.Hardy,MIA,18,-3.7%,71,462,5,76%,1986
19,J.Spagnola,PHI,15,-3.0%,54,336,1,72%,1986
20,P.Gothard,PIT,14,-1.6%,36,233,1,58%,1986
21,D.Cosbie,DAL,3,-6.5%,52,305,1,54%,1986
22,D.Hill,LARM,2,-6.4%,26,149,1,54%,1986
23,A.Cox,ATL,1,-7.0%,39,213,1,62%,1986
24,O.Newsome,CLE1,-4,-8.2%,66,364,3,59%,1986
25,T.Wrightman,CHI,-9,-11.5%,33,162,0,67%,1986
26,J.Tice,NO,-10,-9.9%,55,301,3,67%,1986
27,P.Metzelaars,BUF,-16,-10.7%,71,362,3,69%,1986
28,M.Boyer,IND,-18,-14.8%,37,162,1,59%,1986
29,J.Williams,HOIL,-21,-15.4%,38,172,1,58%,1986
30,D.Warren,WAS,-25,-19.6%,30,116,1,67%,1986
31,D.Ross,GB,-28,-21.3%,30,106,1,57%,1986
32,W.Arnold,KC,-33,-21.1%,36,127,1,56%,1986
33,J.Giles,2TM,-37,-14.6%,77,347,4,48%,1986
34,D.Little,PHI,-38,-27.4%,29,75,0,48%,1986
35,T.Hunter,LARM,-41,-34.5%,24,37,0,63%,1986
36,P.Beach,IND,-46,-24.0%,41,130,1,61%,1986
37,R.Klever,NYJ,-68,-36.5%,33,48,0,45%,1986
38,G.Hawthorne,NE,-71,-32.8%,41,79,0,59%,1986
39,E.West,GB,42,23.0%,23,209,1,65%,1986
40,J.Bell,TB,28,25.0%,13,136,0,77%,1986
41,E.Kattus,CIN,23,12.7%,15,149,1,73%,1986
42,M.Mularkey,MIN,21,14.1%,15,127,2,73%,1986
43,Z.Mowatt,NYG,3,-4.5%,17,104,2,59%,1986
44,G.Wilkins,BUF,-2,-10.3%,11,55,0,73%,1986
45,M.Tice,SEA,-8,-13.2%,22,95,0,68%,1986
46,J.Hayes,KC,-9,-17.4%,14,58,0,57%,1986
47,G.LaFleur,IND,-12,-21.4%,12,45,0,58%,1986
48,D.Lewis,DET,-16,-18.7%,20,82,1,50%,1986
49,T.Sherwin,IND,-18,-29.3%,9,29,1,33%,1986
50,M.Moffitt,GB,-19,-33.5%,12,20,0,33%,1986
51,R.Middleton,ATL,-26,-37.9%,11,15,0,55%,1986
52,G.Hudson,SEA,-33,-29.2%,23,55,1,57%,1986
53,J.Frank,SF,-44,-39.4%,19,19,2,47%,1986
54,P.Coffman,KC,-57,-39.3%,23,25,2,52%,1986
55,M.Bavaro,NYG,343,65.9%,73,"1,142",8,75%,1987
56,T.Christensen,LARD,184,30.2%,74,815,2,64%,1987
57,S.Jordan,MIN,109,26.3%,49,512,2,71%,1987
58,C.Magee,TB,99,22.0%,51,499,3,67%,1987
59,R.Holman,CIN,83,20.3%,48,433,2,58%,1987
60,J.Tice,NO,80,38.6%,24,319,6,67%,1987
61,R.Awalt,STLC,68,7.7%,68,532,6,62%,1987
62,O.Newsome,CLE1,55,12.9%,42,352,0,71%,1987
63,J.Novacek,STLC,47,12.8%,34,300,3,59%,1987
64,C.Boso,CHI,44,18.2%,26,239,2,65%,1987
65,J.Frank,SF,43,11.6%,33,284,3,79%,1987
66,R.Hall,TB,43,20.1%,22,224,1,73%,1987
67,O.Mobley,DEN,40,21.1%,23,205,1,70%,1987
68,P.Holohan,SD,39,11.4%,30,264,0,67%,1987
69,J.Hayes,KC,39,9.7%,33,276,2,64%,1987
70,E.Kattus,CIN,38,15.2%,24,226,2,75%,1987
71,H.Brenner,NO,33,6.2%,36,281,2,56%,1987
72,E.Moorehead,CHI,27,4.7%,35,253,1,69%,1987
73,B.Hardy,MIA,20,-1.5%,50,331,2,56%,1987
74,K.Winslow,SD,16,-4.3%,84,496,3,63%,1987
75,R.Rubick,DET,11,0.5%,20,148,1,65%,1987
76,J.Spagnola,PHI,10,-4.1%,49,301,2,73%,1987
77,R.Francis,SF,9,-0.8%,20,134,0,75%,1987
78,J.Giles,2TM,8,-1.9%,21,135,1,62%,1987
79,R.Klever,NYJ,1,-6.7%,20,109,0,70%,1987
80,J.Williams,HOIL,-1,-7.6%,26,160,3,50%,1987
81,E.West,GB,-2,-8.2%,33,171,1,58%,1987
82,D.Cosbie,DAL,-8,-9.2%,62,339,3,58%,1987
83,P.Metzelaars,BUF,-12,-12.3%,37,175,0,76%,1987
84,Dam.Johnson,LARM,-15,-12.6%,43,208,2,49%,1987
85,M.Tice,SEA,-20,-19.1%,22,96,2,64%,1987
86,G.Baty,2TM,-20,-17.2%,31,127,2,58%,1987
87,K.Whisenhunt,ATL,-30,-25.3%,25,75,1,68%,1987
88,L.Dawson,NE,-35,-29.9%,21,54,0,57%,1987
89,A.Cox,ATL,-36,-33.3%,21,38,0,52%,1987
90,C.Kay,DEN,-45,-19.1%,60,220,0,52%,1987
91,C.Didier,WAS,-45,-30.2%,29,67,1,45%,1987
92,M.Shuler,NYJ,-50,-17.2%,75,314,3,57%,1987
93,P.Beach,IND,-60,-28.3%,47,110,0,60%,1987
94,Da.Hill,LARM,20,12.7%,14,126,0,79%,1987
95,R.Heller,SF,18,7.3%,19,147,2,47%,1987
96,R.Bernstine,SD,7,0.9%,13,85,1,77%,1987
97,M.Boyer,IND,-16,-24.8%,14,41,0,71%,1987
98,T.Sherwin,IND,-24,-28.5%,15,42,1,60%,1987
99,D.Lee,PIT,-32,-49.4%,12,-6,0,50%,1987
100,Dan.Johnson,MIA,-44,-50.2%,14,-10,2,29%,1987
101,D.Warren,WAS,-50,-57.9%,15,-26,0,47%,1987
102,M.Shuler,NYJ,184,20.2%,102,964,5,69%,1988
103,S.Jordan,MIN,179,23.8%,87,876,5,66%,1988
104,P.Metzelaars,BUF,146,43.1%,45,563,1,73%,1988
105,P.Holohan,LARM,146,16.9%,84,827,3,70%,1988
106,J.Novacek,PHX,120,21.6%,70,612,4,54%,1988
107,R.Holman,CIN,117,24.3%,53,567,3,74%,1988
108,D.Johnson,LARM,110,21.6%,53,562,6,79%,1988
109,O.Newsome,CLE1,86,24.4%,43,415,2,81%,1988
110,M.Bavaro,NYG,80,7.2%,89,636,4,60%,1988
111,M.Boyer,IND,59,14.4%,38,360,2,71%,1988
112,R.Hall,TB,43,1.9%,72,486,0,54%,1988
113,C.McEwen,WAS,39,8.7%,38,294,0,61%,1988
114,F.Edmunds,MIA,34,0.3%,65,450,3,51%,1988
115,J.Tice,NO,32,4.5%,40,300,1,65%,1988
116,R.Bernstine,SD,29,4.1%,42,273,0,69%,1988
117,C.Kay,DEN,27,0.0%,55,377,4,62%,1988
118,R.Awalt,PHX,22,-2.4%,66,418,4,59%,1988
119,T.Chandler,DAL,9,-2.5%,30,186,1,60%,1988
120,J.Hayes,KC,3,-5.9%,37,214,1,59%,1988
121,T.Christensen,LARD,1,-6.8%,35,179,0,43%,1988
122,O.Mobley,DEN,-5,-9.5%,36,190,2,58%,1988
123,P.Carter,DET,-17,-16.3%,31,124,0,42%,1988
124,R.Heller,SF,-18,-18.1%,25,99,0,56%,1988
125,M.Tice,SEA,-25,-17.5%,37,151,0,78%,1988
126,P.Beach,IND,-28,-18.3%,39,153,0,67%,1988
127,K.Whisenhunt,ATL,-38,-24.8%,31,99,1,52%,1988
128,A.Cox,SD,-53,-34.4%,33,49,0,55%,1988
129,K.Jackson,PHI,-53,-13.3%,134,629,7,60%,1988
130,E.West,GB,-78,-26.5%,59,172,3,51%,1988
131,J.Thornton,CHI,-79,-45.1%,30,4,0,50%,1988
132,A.Roberts,KC,-81,-52.1%,25,-25,0,40%,1988
133,T.Orr,WAS,66,45.2%,16,250,2,69%,1988
134,J.Frank,SF,54,25.1%,23,259,3,70%,1988
135,S.Folsom,DAL,37,30.8%,12,164,2,75%,1988
136,R.Francis,NE,26,16.0%,18,151,0,61%,1988
137,C.Magee,TB,18,16.3%,12,106,0,75%,1988
138,B.Griggs,NYJ,18,7.2%,20,147,0,70%,1988
139,G.Wilkins,ATL,18,8.9%,16,135,0,69%,1988
140,E.Moorehead,CHI,18,5.2%,22,159,2,64%,1988
141,K.D.Dunn,NYJ,17,15.2%,10,98,0,60%,1988
142,B.Jones,SF,13,8.6%,11,95,2,73%,1988
143,J.Giles,PHI,-1,-8.4%,11,66,1,55%,1988
144,Z.Mowatt,NYG,-7,-11.7%,23,112,1,65%,1988
145,T.Fowler,DAL,-9,-17.7%,13,52,0,77%,1988
146,P.Gothard,PIT,-9,-12.9%,23,113,1,52%,1988
147,C.Boso,CHI,-13,-25.3%,10,33,0,60%,1988
148,J.Williams,HOIL,-17,-30.1%,11,26,0,55%,1988
149,M.Lewis,DET,-18,-31.8%,11,23,1,27%,1988
150,J.Riggs,CIN,-22,-35.6%,12,17,0,75%,1988
151,D.Tennell,CLE1,-23,-24.0%,19,65,1,47%,1988
152,D.Cosbie,DAL,-23,-24.9%,21,60,0,57%,1988
153,H.Brenner,NO,-31,-38.1%,13,17,0,38%,1988
154,D.Warren,WAS,-36,-40.4%,17,13,0,71%,1988
155,A.Parker,LARD,-48,-57.3%,15,-24,0,27%,1988
156,R.Holman,CIN,206,30.4%,82,909,9,61%,1989
157,B.Jones,SF,133,29.3%,56,596,4,71%,1989
158,M.Dyal,LARD,120,35.5%,48,499,2,56%,1989
159,K.Jackson,PHI,103,10.1%,90,726,3,70%,1989
160,M.Shuler,NYJ,83,27.6%,37,381,0,78%,1989
161,M.Bavaro,NYG,81,30.3%,31,358,3,71%,1989
162,J.Thornton,CHI,80,25.0%,39,384,3,62%,1989
163,E.Sievers,NE,78,10.6%,67,537,0,81%,1989
164,H.Brenner,NO,76,13.4%,49,474,4,69%,1989
165,M.Mularkey,PIT,66,26.7%,34,305,1,65%,1989
166,E.West,GB,65,21.3%,33,335,5,67%,1989
167,S.Jordan,MIN,45,4.3%,63,429,3,56%,1989
168,A.Cox,SD,44,15.4%,30,259,2,73%,1989
169,C.Boso,CHI,36,13.4%,25,226,1,68%,1989
170,K.Neubert,NYJ,18,0.2%,39,248,1,72%,1989
171,P.Holohan,LARM,9,-5.3%,73,420,2,70%,1989
172,O.Newsome,CLE1,6,-5.3%,48,275,1,60%,1989
173,F.Edmunds,MIA,6,-5.7%,53,312,3,60%,1989
174,J.Giles,PHI,4,-5.1%,31,179,2,52%,1989
175,R.Awalt,PHX,-2,-8.0%,51,267,0,65%,1989
176,C.Kay,DEN,-5,-8.8%,41,238,2,51%,1989
177,R.Tyler,SEA,-6,-11.0%,25,121,0,56%,1989
178,R.Hall,TB,-16,-11.4%,58,288,2,52%,1989
179,Z.Mowatt,NYG,-30,-16.7%,49,205,0,55%,1989
180,S.Folsom,DAL,-43,-19.8%,51,195,2,55%,1989
181,Damone.Johnson,LARM,-71,-29.6%,43,113,5,58%,1989
182,P.Beach,IND,-71,-46.3%,26,-2,2,54%,1989
183,R.Heller,ATL,-75,-28.3%,54,137,1,61%,1989
184,J.Novacek,PHX,-129,-47.7%,53,-13,1,43%,1989
185,T.McNeal,SEA,53,55.5%,12,187,0,75%,1989
186,O.Mobley,DEN,53,30.3%,23,232,0,74%,1989
187,J.Hayes,KC,47,24.0%,24,228,2,75%,1989
188,G.Wilkins,ATL,36,17.2%,20,200,3,40%,1989
189,P.Metzelaars,BUF,29,11.1%,24,194,2,75%,1989
190,D.Warren,WAS,27,10.7%,21,184,1,71%,1989
191,C.Dressel,2TM,24,11.0%,19,166,1,63%,1989
192,J.Tice,NO,20,18.1%,12,111,1,75%,1989
193,J.Caravello,SD,13,7.6%,13,104,0,77%,1989
194,G.Scales,NO,13,10.2%,10,88,0,80%,1989
195,H.Cross,NYG,-1,-7.9%,14,72,1,43%,1989
196,C.McEwen,SD,-7,-16.0%,13,55,0,54%,1989
197,B.Griggs,NYJ,-9,-16.8%,18,62,0,50%,1989
198,L.Dawson,NE,-11,-15.9%,19,85,0,63%,1989
199,W.Harris,TB,-18,-19.4%,22,83,1,50%,1989
200,B.Beckman,ATL,-19,-23.0%,17,60,1,65%,1989
201,M.Boyer,IND,-25,-28.6%,15,45,2,73%,1989
202,E.Kattus,CIN,-27,-27.4%,20,53,0,60%,1989
203,A.Roberts,KC,-27,-35.3%,13,22,1,62%,1989
204,B.Jones,SF,212,33.1%,80,904,5,70%,1990
205,K.Jackson,PHI,191,30.1%,77,846,6,65%,1990
206,M.Bavaro,NYG,149,41.9%,45,582,5,73%,1990
207,R.Hall,TB,127,31.2%,51,555,2,61%,1990
208,R.Holman,CIN,101,15.5%,68,596,5,59%,1990
209,K.McKeller,BUF,80,13.6%,57,495,5,60%,1990
210,F.Edmunds,MIA,79,19.6%,43,421,1,72%,1990
211,E.Green,PIT,67,13.1%,51,426,7,67%,1990
212,M.Mularkey,PIT,66,13.6%,47,409,3,68%,1990
213,M.Cook,NE,57,4.5%,76,530,5,67%,1990
214,J.Novacek,DAL,55,1.5%,100,646,4,59%,1990
215,E.West,GB,49,10.3%,42,343,5,64%,1990
216,S.Jordan,MIN,49,2.1%,80,543,3,56%,1990
217,Ji.Johnson,WAS,33,10.8%,29,228,2,52%,1990
218,D.Walker,SD,32,8.5%,29,244,1,79%,1990
219,C.McEwen,SD,24,0.6%,46,312,3,63%,1990
220,P.Holohan,LARM,23,-3.2%,81,517,2,60%,1990
221,E.Horton,LARD,2,-6.7%,60,350,3,55%,1990
222,C.Kay,DEN,-10,-10.3%,47,246,0,62%,1990
223,D.Warren,WAS,-16,-16.0%,26,119,1,58%,1990
224,O.Newsome,CLE1,-16,-13.1%,44,200,2,52%,1990
225,M.Boyer,NYJ,-35,-16.4%,57,247,1,70%,1990
226,H.Brenner,NO,-60,-31.4%,40,78,2,43%,1990
227,Walt.Wilson,SD,-71,-49.6%,28,-14,0,36%,1990
228,J.Thornton,CHI,-126,-47.4%,48,-10,1,40%,1990
229,G.Wilkins,ATL,68,51.6%,16,245,2,75%,1990
230,E.Kattus,CIN,60,58.2%,14,206,2,79%,1990
231,J.Harris,GB,46,41.4%,15,181,0,80%,1990
232,R.Heller,SEA,38,21.9%,19,195,1,68%,1990
233,C.Boso,CHI,30,23.6%,14,147,1,79%,1990
234,M.Shuler,PHI,26,12.0%,22,173,0,82%,1990
235,P.Beach,IND,19,7.1%,18,154,1,67%,1990
236,D.Johnson,LARM,19,6.5%,18,155,3,67%,1990
237,R.Awalt,DAL,18,10.4%,17,127,0,76%,1990
238,S.Sharpe,DEN,5,-1.1%,13,80,1,54%,1990
239,J.Hayes,KC,-13,-18.9%,16,67,1,56%,1990
240,P.Carter,LARM,-15,-25.5%,13,36,0,62%,1990
241,J.Williams,SF,-15,-24.4%,12,41,0,75%,1990
242,G.Scales,NO,-15,-23.6%,14,45,1,57%,1990
243,H.Cross,NYG,-18,-19.7%,20,81,0,40%,1990
244,Z.Mowatt,NE,-19,-31.4%,11,25,0,55%,1990
245,C.Dressel,NYJ,-20,-34.6%,11,18,0,55%,1990
246,P.Metzelaars,BUF,-20,-25.3%,14,51,1,71%,1990
247,J.Tice,NO,-22,-26.5%,18,48,0,61%,1990
248,W.Reeves,PHX,-24,-23.3%,23,74,0,78%,1990
249,W.Walls,SF,-27,-40.9%,12,9,0,42%,1990
250,T.McNeal,SEA,-31,-30.9%,19,43,0,53%,1990
251,J.Riggs,CIN,-32,-35.9%,16,24,0,50%,1990
252,A.Roberts,KC,-34,-30.0%,21,52,0,52%,1990
253,E.Sievers,NE,-56,-50.8%,20,-14,0,40%,1990
254,Ar.Cox,SD,-64,-64.3%,20,-45,1,70%,1990
255,O.Mobley,DEN,-69,-68.1%,15,-55,0,53%,1990
256,E.Green,PIT,170,32.2%,58,731,6,71%,1991
257,J.Price,LARM,133,41.1%,41,522,2,85%,1991
258,E.Horton,LARD,133,16.3%,87,763,5,61%,1991
259,J.Novacek,DAL,96,8.8%,90,716,4,66%,1991
260,S.Jordan,MIN,87,8.1%,83,663,2,69%,1991
261,R.Holman,CIN,72,13.6%,53,450,2,58%,1991
262,S.Sharpe,DEN,67,25.3%,31,320,1,71%,1991
263,C.McEwen,SD,64,6.5%,68,532,3,54%,1991
264,M.Cook,NE,52,0.2%,110,704,3,75%,1991
265,Da.Johnson,LARM,41,6.9%,43,336,2,74%,1991
266,S.Galbraith,CLE1,37,6.8%,40,301,0,68%,1991
267,J.Williams,SF,31,6.4%,32,260,1,69%,1991
268,K.McKeller,BUF,31,-0.7%,69,458,3,64%,1991
269,G.Baty,MIA,29,6.6%,30,238,1,67%,1991
270,T.McNeal,SEA,24,7.8%,27,185,1,63%,1991
271,K.Jackson,PHI,16,-4.3%,83,497,5,58%,1991
272,A.Roberts,DAL,15,1.6%,25,178,1,64%,1991
273,B.Jones,SF,15,-2.5%,51,292,0,53%,1991
274,E.West,GB,9,-2.1%,27,170,3,56%,1991
275,J.Hayes,KC,6,-4.7%,29,193,2,66%,1991
276,H.Cross,NYG,-9,-10.5%,39,203,2,51%,1991
277,P.Holohan,KC,-9,-12.5%,26,125,2,50%,1991
278,J.Harris,GB,-11,-11.3%,40,205,3,60%,1991
279,J.Tice,NO,-21,-18.1%,29,119,0,76%,1991
280,C.Dressel,NYJ,-37,-27.5%,26,73,0,65%,1991
281,J.Thornton,CHI,-38,-21.4%,39,143,1,44%,1991
282,Ro.Hall,TB,-44,-22.2%,49,153,0,63%,1991
283,C.Kay,DEN,-51,-36.1%,26,37,0,42%,1991
284,H.Brenner,NO,-52,-29.5%,33,84,0,48%,1991
285,D.Walker,SD,-89,-44.6%,36,7,0,56%,1991
286,T.Orr,WAS,47,27.4%,19,217,4,53%,1991
287,M.Tice,SEA,43,34.2%,12,182,4,83%,1991
288,E.Kattus,CIN,40,27.3%,17,183,0,71%,1991
289,A.Cooper,PIT,39,25.7%,19,183,2,58%,1991
290,K.Jennings,CHI,37,37.1%,11,152,0,73%,1991
291,J.Anderson,TB,35,35.3%,10,146,2,60%,1991
292,F.Edmunds,MIA,32,17.5%,16,179,2,69%,1991
293,A.Glover,LARD,17,15.5%,9,100,3,56%,1991
294,Keith Cash,PIT,15,10.0%,12,104,1,58%,1991
295,M.Johnson,PHI,15,9.1%,13,106,2,46%,1991
296,A.Cox,SD,10,11.2%,8,65,0,63%,1991
297,B.Coates,NE,0,-7.1%,16,91,1,63%,1991
298,B.Mrosko,IND,-1,-8.1%,15,93,0,53%,1991
299,R.Johnson,DEN,-4,-12.0%,11,62,1,55%,1991
300,M.Mularkey,PIT,-5,-12.8%,14,68,0,43%,1991
301,T.Jorden,PHX,-16,-17.8%,23,92,0,65%,1991
302,P.Beach,IND,-16,-29.5%,11,26,0,45%,1991
303,P.Carter,LARM,-19,-23.8%,16,55,2,50%,1991
304,W.Reeves,PHX,-77,-79.6%,16,-79,0,50%,1991
305,B.Jones,SF,197,40.2%,64,779,4,70%,1992
306,M.Bavaro,CLE1,119,42.8%,35,461,2,71%,1992
307,T.Orr,WAS,104,37.7%,33,422,3,67%,1992
308,S.Jordan,MIN,104,33.2%,40,442,2,70%,1992
309,J.Novacek,DAL,100,8.0%,99,773,6,69%,1992
310,R.Holman,CIN,95,29.6%,38,423,2,68%,1992
311,K.Jackson,MIA,88,11.5%,69,590,5,70%,1992
312,P.Metzelaars,BUF,85,19.5%,43,450,6,70%,1992
313,Ro.Hall,TB,79,14.9%,54,471,4,72%,1992
314,K.Jennings,CHI,65,21.3%,33,333,1,70%,1992
315,S.Sharpe,DEN,59,5.1%,77,534,2,69%,1992
316,C.Thompson,CIN,59,20.7%,28,304,2,68%,1992
317,J.Harris,GB,51,2.2%,82,565,2,67%,1992
318,P.Carter,LARM,41,11.1%,35,279,3,57%,1992
319,H.Cross,NYG,40,7.7%,41,309,2,66%,1992
320,P.Holohan,CLE1,28,9.3%,25,202,0,80%,1992
321,B.Coates,NE,22,2.5%,34,235,3,59%,1992
322,Kerry Cash,IND,17,-3.8%,76,455,3,57%,1992
323,J.Price,LARM,5,-5.9%,57,326,2,60%,1992
324,A.Cooper,PIT,-2,-8.0%,31,196,3,52%,1992
325,D.Walker,SD,-6,-8.8%,62,333,2,55%,1992
326,J.Mitchell,NYJ,-12,-13.7%,29,128,1,55%,1992
327,M.Cook,NE,-62,-19.2%,75,303,2,69%,1992
328,E.Horton,LARD,-83,-25.0%,71,214,2,46%,1992
329,M.Boyer,NYJ,-93,-48.9%,33,-15,0,58%,1992
330,R.Heller,SEA,-99,-58.5%,29,-53,0,41%,1992
331,R.Johnson,DEN,51,67.6%,11,169,1,91%,1992
332,Keith Cash,KC,41,31.5%,15,178,2,80%,1992
333,P.Beach,PHI,28,24.3%,13,135,2,62%,1992
334,F.Wainright,NO,27,17.8%,15,147,0,60%,1992
335,C.Arbuckle,IND,25,12.5%,18,161,1,72%,1992
336,Ty.Armstrong,TB,9,2.6%,14,99,1,50%,1992
337,J.Hayes,KC,9,1.8%,15,104,2,60%,1992
338,A.Glover,LARD,5,-3.9%,22,143,1,68%,1992
339,P.Green,SEA,0,-7.0%,13,74,1,69%,1992
340,F.Edmunds,MIA,-5,-11.2%,17,93,1,59%,1992
341,K.McKeller,BUF,-8,-14.5%,16,71,0,88%,1992
342,E.Green,PIT,-11,-13.7%,24,116,2,58%,1992
343,R.Middleton,WAS,-13,-25.0%,11,32,0,64%,1992
344,K.Blackwell,CHI,-18,-30.2%,12,27,0,42%,1992
345,C.Kay,DEN,-19,-28.9%,14,33,0,50%,1992
346,J.Williams,SF,-21,-27.5%,14,41,1,50%,1992
347,D.Brown,NYG,-22,-34.7%,12,19,0,33%,1992
348,E.West,GB,-24,-45.5%,10,1,0,40%,1992
349,W.Reeves,PHX,-29,-47.2%,10,-2,0,60%,1992
350,H.Brenner,NO,-36,-28.6%,24,64,0,50%,1992
351,J.Riggs,CIN,-59,-43.5%,24,9,0,46%,1992
352,B.Rolle,PHX,-62,-46.7%,22,-3,0,59%,1992
353,S.Sharpe,DEN,358,40.2%,110,"1,414",9,74%,1993
354,B.Jones,SF,173,20.2%,94,905,3,72%,1993
355,E.Green,PIT,146,12.2%,114,946,5,55%,1993
356,J.Mitchell,NYJ,127,18.4%,72,694,6,54%,1993
357,M.Bavaro,PHI,122,18.6%,72,666,6,60%,1993
358,B.Coates,NE,118,10.8%,93,805,8,57%,1993
359,B.Kinchen,CLE1,107,29.5%,45,479,2,64%,1993
360,T.Drayton,LARM,90,27.2%,38,418,4,68%,1993
361,K.Jackson,MIA,85,10.3%,73,591,6,53%,1993
362,J.Harris,GB,84,10.0%,73,591,4,58%,1993
363,P.Metzelaars,BUF,82,5.0%,95,741,4,72%,1993
364,To.McGee,CIN,74,8.8%,70,547,0,63%,1993
365,S.Jordan,MIN,72,8.0%,73,551,1,77%,1993
366,H.Cross,NYG,70,19.7%,36,369,5,58%,1993
367,J.Hayes,KC,49,11.5%,38,327,1,63%,1993
368,Keith Cash,KC,44,10.6%,34,302,4,71%,1993
369,J.Novacek,DAL,27,-1.2%,68,427,1,65%,1993
370,R.Holman,DET,26,3.4%,37,262,2,68%,1993
371,P.Carter,LARM,2,-6.0%,30,159,1,47%,1993
372,E.Horton,LARD,-8,-8.9%,78,388,1,55%,1993
373,I.Smith,NO,-10,-11.6%,32,174,2,50%,1993
374,R.Johnson,DEN,-10,-11.7%,34,176,1,59%,1993
375,E.West,GB,-17,-13.3%,42,202,0,60%,1993
376,D.Walker,SD,-20,-14.9%,39,179,1,54%,1993
377,C.Thompson,CIN,-41,-31.2%,28,55,1,61%,1993
378,R.Middleton,WAS,-43,-24.2%,39,120,2,62%,1993
379,M.Cook,NE,-45,-24.7%,38,119,1,58%,1993
380,F.Edmunds,SEA,-63,-26.1%,45,144,2,53%,1993
381,P.Green,SEA,-75,-31.3%,47,99,1,49%,1993
382,R.Hall,TB,-78,-28.7%,60,137,1,38%,1993
383,Kerry Cash,IND,-82,-23.7%,76,240,3,57%,1993
384,H.Brenner,NO,59,48.3%,16,218,1,69%,1993
385,J.Thornton,NYJ,45,35.2%,17,188,2,71%,1993
386,D.Tennell,MIN,38,24.1%,18,186,0,83%,1993
387,J.Williams,SF,27,12.7%,20,173,1,80%,1993
388,K.Jennings,CHI,23,14.1%,17,141,0,82%,1993
389,A.Pupunu,SD,19,7.6%,19,149,0,68%,1993
390,G.Baty,MIA,10,8.2%,11,76,1,45%,1993
391,M.Lyons,ATL,0,-7.5%,12,60,0,67%,1993
392,D.Brown,NYG,-12,-21.0%,14,46,0,50%,1993
393,A.Pierce,NYG,-13,-16.9%,19,88,0,63%,1993
394,W.Reeves,PHX,-15,-19.9%,16,66,1,56%,1993
395,T.McNeal,LARM,-16,-18.8%,18,82,1,44%,1993
396,R.Wetnight,CHI,-20,-25.7%,18,48,1,50%,1993
397,M.Dyal,2TM,-21,-27.1%,16,44,0,44%,1993
398,B.Rolle,PHX,-22,-27.1%,14,45,1,71%,1993
399,C.Gedney,CHI,-27,-32.6%,16,31,0,63%,1993
400,A.Cooper,2TM,-28,-28.4%,19,51,0,47%,1993
401,Ty.Armstrong,TB,-29,-33.9%,16,29,1,56%,1993
402,M.Johnson,PHI,-31,-36.0%,16,23,0,63%,1993
403,F.Wycheck,WAS,-52,-38.5%,24,26,0,67%,1993
404,D.Ware,PHX,-55,-67.7%,12,-43,0,25%,1993
405,C.Arbuckle,IND,-75,-59.4%,23,-42,0,65%,1993
406,B.Jones,SF,229,40.8%,74,901,9,66%,1994
407,B.Coates,NE,223,15.9%,148,"1,293",7,65%,1994
408,S.Sharpe,DEN,134,7.3%,139,"1,062",4,63%,1994
409,J.Novacek,DAL,133,20.9%,68,685,2,69%,1994
410,H.Cross,NYG,129,39.1%,41,515,4,76%,1994
411,P.Metzelaars,BUF,106,16.6%,68,606,5,72%,1994
412,T.Drayton,LARM,78,17.9%,47,432,6,68%,1994
413,K.Jackson,MIA,73,4.0%,94,702,7,63%,1994
414,E.Green,PIT,59,4.1%,80,563,4,58%,1994
415,I.Smith,NO,54,7.4%,52,426,3,79%,1994
416,E.West,GB,41,3.6%,54,408,2,57%,1994
417,M.Bavaro,PHI,36,10.5%,33,246,3,52%,1994
418,A.Pierce,NYG,33,6.6%,37,270,4,51%,1994
419,A.Glover,LARD,29,1.7%,55,338,2,60%,1994
420,A.Cooper,MIN,27,1.7%,44,309,0,73%,1994
421,D.Walker,KC,26,0.2%,51,350,2,71%,1994
422,J.Mitchell,NYJ,22,-4.3%,110,677,4,53%,1994
423,A.Jordan,MIN,22,-0.9%,53,344,0,66%,1994
424,W.Walls,NO,21,-2.8%,70,445,4,56%,1994
425,Keith Cash,KC,21,4.1%,29,204,2,66%,1994
426,J.Harris,TB,17,-1.1%,43,273,2,56%,1994
427,Ty.Armstrong,TB,15,-1.7%,34,252,1,65%,1994
428,To.McGee,CIN,13,-4.7%,76,446,1,53%,1994
429,A.Pupunu,SD,6,-5.2%,37,240,2,57%,1994
430,M.Johnson,PHI,-1,-7.8%,35,186,2,60%,1994
431,J.Evans,DEN,-18,-16.7%,26,119,2,50%,1994
432,D.Ware,ARI,-19,-17.0%,30,124,1,57%,1994
433,Kerry Cash,IND,-23,-18.5%,30,122,1,53%,1994
434,B.Kinchen,CLE1,-30,-19.2%,39,147,1,62%,1994
435,E.Horton,WAS,-34,-21.7%,32,123,3,47%,1994
436,J.Thornton,NYJ,-38,-23.5%,35,113,0,57%,1994
437,P.Green,SEA,-48,-22.7%,48,158,1,63%,1994
438,M.Cook,CHI,-62,-27.8%,43,120,1,49%,1994
439,R.Hall,DET,-69,-54.1%,25,-26,0,40%,1994
440,D.Young,SD,69,38.3%,23,279,1,74%,1994
441,M.Chmura,GB,35,19.2%,21,188,0,67%,1994
442,C.Gedney,CHI,35,17.8%,19,192,3,68%,1994
443,R.Johnson,GB,20,20.3%,10,106,0,70%,1994
444,T.Popson,SF,12,3.3%,17,123,0,76%,1994
445,J.Jenkins,WAS,12,5.7%,11,101,4,73%,1994
446,R.Holman,DET,10,-0.7%,23,153,0,74%,1994
447,K.Jennings,CHI,8,-1.9%,19,135,3,58%,1994
448,T.Greene,KC,4,-1.5%,12,75,1,50%,1994
449,J.Burke,NE,4,-3.0%,15,95,0,60%,1994
450,F.Wycheck,WAS,1,-5.1%,10,55,1,70%,1994
451,R.Wetnight,CHI,-2,-8.7%,20,105,1,55%,1994
452,T.Samuels,ARI,-8,-18.6%,10,39,0,80%,1994
453,S.Mitchell,SD,-8,-14.0%,17,81,0,65%,1994
454,W.Reeves,CLE1,-8,-16.0%,12,62,1,50%,1994
455,C.Fann,ARI,-11,-16.3%,19,78,0,63%,1994
456,T.Hallock,DET,-28,-33.1%,16,30,0,44%,1994
457,J.Hayes,PIT,-34,-50.2%,11,-8,1,45%,1994
458,T.Sadowski,CIN,-38,-41.9%,17,10,0,65%,1994
459,P.Carter,HOIL,-51,-42.7%,22,10,1,50%,1994
460,F.Edmunds,SEA,-51,-59.1%,13,-29,0,54%,1994
461,M.Chmura,GB,266,43.9%,74,"1,019",7,73%,1995
462,K.Dilger,IND,205,48.3%,55,757,4,76%,1995
463,S.Sharpe,DEN,175,20.4%,94,913,4,67%,1995
464,J.Novacek,DAL,164,20.4%,90,854,5,69%,1995
465,I.Smith,NO,134,26.7%,55,626,3,82%,1995
466,W.Walls,NO,126,12.5%,91,810,4,63%,1995
467,To.McGee,CIN,115,12.7%,92,735,4,60%,1995
468,F.Wycheck,HOIL,110,25.8%,51,521,1,78%,1995
469,P.Mitchell,JAC,96,16.3%,64,549,2,64%,1995
470,C.Crumpler,SEA,79,34.3%,29,331,1,79%,1995
471,K.Jennings,CHI,66,15.2%,39,392,6,64%,1995
472,E.Green,MIA,63,7.3%,64,498,3,67%,1995
473,R.Wetnight,CHI,37,9.4%,32,268,2,75%,1995
474,D.Walker,KC,36,8.5%,34,270,1,74%,1995
475,Keith Cash,KC,30,0.0%,61,416,1,69%,1995
476,T.Drayton,STL,23,-2.5%,68,453,4,69%,1995
477,J.Harris,TB,17,-4.5%,99,548,1,63%,1995
478,E.West,PHI,14,-0.8%,33,213,1,61%,1995
479,J.Mitchell,NYJ,13,-4.8%,80,467,5,56%,1995
480,B.Jones,SF,13,-5.4%,100,583,3,61%,1995
481,R.Griffith,JAC,11,-1.9%,30,193,0,53%,1995
482,A.Glover,OAK,7,-4.9%,40,249,3,65%,1995
483,B.Coates,NE,5,-6.7%,138,794,6,61%,1995
484,K.Brady,NYJ,-1,-7.6%,52,293,2,50%,1995
485,A.Cooper,MIN,-3,-8.7%,31,168,0,58%,1995
486,P.Metzelaars,CAR,-3,-8.7%,34,194,3,59%,1995
487,A.Jordan,MIN,-7,-10.3%,33,185,2,82%,1995
488,L.Johnson,BUF,-11,-9.3%,81,430,1,60%,1995
489,B.Kinchen,CLE1,-14,-14.4%,32,138,0,63%,1995
490,A.Pierce,NYG,-15,-11.8%,54,247,0,61%,1995
491,C.Bell,WAS,-16,-16.7%,25,106,1,56%,1995
492,F.Baxter,NYJ,-20,-15.9%,33,148,1,55%,1995
493,A.Pupunu,SD,-21,-13.2%,50,247,0,70%,1995
494,O.McBride,ARI,-31,-25.2%,25,79,2,52%,1995
495,Kerry Cash,OAK,-33,-19.7%,40,151,2,63%,1995
496,C.Fauria,SEA,-33,-22.3%,37,113,1,46%,1995
497,J.Burke,NE,-34,-24.5%,29,92,0,52%,1995
498,H.Cross,NYG,-40,-23.2%,36,122,0,50%,1995
499,M.Bruener,PIT,-40,-19.2%,48,196,3,54%,1995
500,M.Cook,STL,-47,-29.6%,32,75,1,81%,1995
501,D.Sloan,DET,52,25.1%,24,248,1,71%,1995
502,K.Jackson,GB,50,31.2%,19,220,1,68%,1995
503,J.Asher,WAS,38,16.9%,22,214,0,64%,1995
504,J.Evans,DEN,26,19.2%,15,140,1,80%,1995
505,W.Gaines,ARI,2,-6.1%,24,133,2,58%,1995
506,H.Bishop,CLE1,2,-6.0%,22,121,0,73%,1995
507,F.Hartley,CLE1,-2,-8.7%,17,104,1,65%,1995
508,D.Young,SD,-2,-9.4%,14,78,0,64%,1995
509,R.Lewis,HOIL,-4,-10.0%,21,110,0,76%,1995
510,T.Cline,BUF,-5,-11.9%,13,72,0,62%,1995
511,J.Hayes,PIT,-8,-13.3%,18,94,0,61%,1995
512,D.Moore,TB,-19,-20.8%,19,76,0,68%,1995
513,T.Popson,SF,-24,-25.5%,20,58,0,80%,1995
514,Ty.Armstrong,TB,-25,-40.1%,12,10,0,58%,1995
515,R.Hall,DET,-27,-31.1%,18,36,0,61%,1995
516,S.Galbraith,WAS,-36,-31.0%,20,50,2,50%,1995
517,W.Rasby,CAR,-71,-65.2%,18,-52,0,28%,1995
518,S.Sharpe,DEN,303,31.5%,117,"1,318",10,68%,1996
519,K.Jackson,GB,181,33.8%,63,766,10,63%,1996
520,B.Kinchen,BAL,181,27.8%,76,828,1,72%,1996
521,W.Walls,CAR,177,17.4%,110,988,10,55%,1996
522,T.Popson,SF,130,44.2%,35,498,6,74%,1996
523,F.Wycheck,HOIL,119,19.3%,68,634,6,78%,1996
524,K.Dilger,IND,117,19.5%,60,623,4,70%,1996
525,P.Mitchell,JAC,110,16.8%,77,627,1,68%,1996
526,To.McGee,CIN,95,15.2%,63,562,4,60%,1996
527,P.Carter,ARI,94,30.8%,37,411,1,70%,1996
528,B.Jones,SF,90,20.6%,48,471,1,69%,1996
529,J.Asher,WAS,68,7.1%,74,545,4,57%,1996
530,J.Dunn,PHI,66,27.3%,31,306,2,48%,1996
531,B.Coates,NE,56,1.0%,100,694,9,62%,1996
532,E.Bjornson,DAL,50,4.7%,64,459,3,75%,1996
533,C.Fauria,SEA,44,16.4%,30,254,1,60%,1996
534,M.Chmura,GB,32,2.2%,48,348,0,58%,1996
535,T.Drayton,2TM,28,4.6%,39,258,0,72%,1996
536,E.Green,BAL,26,8.3%,24,200,1,63%,1996
537,D.Moore,TB,25,1.0%,43,314,3,63%,1996
538,A.Pupunu,SD,18,0.9%,35,226,1,69%,1996
539,D.May,SD,9,-2.4%,30,186,0,63%,1996
540,R.Johnson,KC,9,-3.1%,33,192,1,55%,1996
541,C.Crumpler,SEA,4,-5.6%,39,239,0,67%,1996
542,R.Wetnight,CHI,1,-6.9%,39,216,1,54%,1996
543,D.Brown,JAC,-3,-8.8%,28,162,0,61%,1996
544,P.Metzelaars,DET,-14,-15.3%,25,116,0,68%,1996
545,K.Brady,NYJ,-33,-22.9%,31,107,1,48%,1996
546,T.Cline,BUF,-36,-25.2%,29,89,1,66%,1996
547,J.Harris,TB,-52,-20.3%,60,226,1,50%,1996
548,D.Carswell,DEN,-56,-41.7%,25,15,0,60%,1996
549,A.Jordan,MIN,-61,-37.0%,31,40,0,61%,1996
550,L.Johnson,BUF,-86,-24.5%,80,235,0,58%,1996
551,R.Dudley,OAK,-93,-27.8%,70,178,4,49%,1996
552,H.Cross,NYG,-95,-36.5%,45,67,1,49%,1996
553,H.Lusk,NO,-101,-41.1%,48,31,0,56%,1996
554,Keith Cash,-125,37,37,90,0,42%,1,1996
555,S.Galbraith,WAS,45,51.8%,10,161,2,80%,1996
556,B.Chamberlain,DEN,38,26.2%,17,176,0,71%,1996
557,A.Pierce,NYG,36,23.2%,18,176,1,61%,1996
558,B.Neely,CHI,25,21.8%,13,126,0,69%,1996
559,A.Glover,OAK,19,11.3%,14,128,1,64%,1996
560,E.Conwell,STL,18,5.2%,23,162,0,65%,1996
561,P.Green,NO,17,19.0%,11,94,0,64%,1996
562,J.McWilliams,ARI,17,10.3%,16,120,1,44%,1996
563,B.Roche,SD,16,7.0%,17,131,0,76%,1996
564,Ji.Johnson,PHI,15,8.7%,12,110,0,58%,1996
565,To.Johnson,NO,14,11.5%,11,96,1,64%,1996
566,M.Pollard,IND,1,-5.5%,12,70,1,50%,1996
567,F.Baxter,NYJ,-1,-8.2%,16,91,0,44%,1996
568,E.West,PHI,-2,-9.8%,12,62,0,67%,1996
569,M.Battaglia,CIN,-4,-12.2%,14,59,0,57%,1996
570,D.Sloan,DET,-5,-16.6%,10,36,0,70%,1996
571,M.Bruener,PIT,-9,-12.6%,24,118,0,50%,1996
572,R.Lewis,HOIL,-13,-26.2%,10,30,0,70%,1996
573,D.Walker,KC,-24,-25.9%,21,55,1,43%,1996
574,B.Saxton,NYG,-24,-37.8%,11,14,0,36%,1996
575,I.Smith,NO,-24,-23.6%,23,72,0,65%,1996
576,A.Laing,STL,-28,-25.4%,24,70,0,54%,1996
577,S.Mitchell,SD,-83,-65.8%,21,-62,0,48%,1996
578,G.DeLong,MIN,-103,-82.7%,20,-110,0,40%,1996
579,T.Drayton,MIA,185,50.1%,50,675,4,78%,1997
580,S.Sharpe,DEN,181,17.7%,114,"1,006",3,63%,1997
581,B.Coates,NE,146,14.9%,98,870,8,67%,1997
582,To.McGee,CIN,118,25.2%,53,565,6,64%,1997
583,R.Dudley,OAK,112,11.3%,91,749,7,53%,1997
584,W.Walls,CAR,107,8.7%,97,795,6,60%,1997
585,K.Dilger,IND,104,38.5%,36,417,3,75%,1997
586,P.Mitchell,JAC,100,25.4%,47,474,4,74%,1997
587,F.Wycheck,TEN,88,6.1%,99,744,4,64%,1997
588,C.Gedney,ARI,78,32.6%,28,334,4,82%,1997
589,D.Moore,TB,74,32.8%,26,319,4,73%,1997
590,C.Crumpler,SEA,72,19.7%,44,381,1,70%,1997
591,M.Chmura,GB,69,10.1%,56,483,6,68%,1997
592,F.Baxter,NYJ,63,20.3%,35,330,3,77%,1997
593,F.Jones,SD,41,1.9%,69,469,2,59%,1997
594,T.Gonzalez,KC,38,2.8%,54,399,2,61%,1997
595,R.Wetnight,CHI,36,1.3%,65,430,1,71%,1997
596,E.Conwell,STL,36,1.8%,60,408,4,63%,1997
597,A.Glover,MIN,36,2.8%,55,376,3,58%,1997
598,T.Popson,KC,35,4.5%,47,330,2,74%,1997
599,B.Jones,SF,34,3.1%,47,345,2,62%,1997
600,M.Bruener,PIT,30,6.4%,30,246,6,60%,1997
601,J.Farquhar,NO,28,9.8%,26,199,1,65%,1997
602,O.J.Santiago,ATL,21,2.5%,32,222,2,53%,1997
603,E.Green,BAL,14,-5.2%,100,584,5,65%,1997
604,J.Harris,TB,0,-7.1%,34,211,1,56%,1997
605,K.Brady,NYJ,-5,-9.4%,35,197,2,63%,1997
606,F.Hartley,SD,-14,-12.7%,38,181,1,50%,1997
607,E.Bjornson,DAL,-32,-14.2%,68,313,0,69%,1997
608,D.LaFleur,DAL,-35,-30.0%,24,53,2,75%,1997
609,J.Riemersma,BUF,-47,-26.4%,40,104,2,65%,1997
610,D.Sloan,DET,-55,-26.2%,48,125,0,60%,1997
611,H.Cross,NYG,-78,-37.4%,38,48,2,55%,1997
612,I.Smith,NO,-85,-43.0%,36,15,1,47%,1997
613,L.Johnson,BUF,-96,-29.8%,63,149,2,65%,1997
614,J.Asher,WAS,-132,-28.5%,99,235,1,49%,1997
615,G.Clark,SF,43,60.2%,10,149,1,80%,1997
616,Ji.Johnson,PHI,38,19.2%,22,203,1,64%,1997
617,C.Fauria,SEA,29,29.6%,13,128,0,77%,1997
618,K.Jennings,CHI,26,14.8%,19,155,0,74%,1997
619,B.Kozlowski,ATL,23,24.9%,11,108,1,64%,1997
620,C.Lewis,PHI,22,8.2%,21,169,4,57%,1997
621,De.Brown,JAC,19,17.8%,11,104,1,73%,1997
622,J.McWilliams,ARI,13,9.6%,11,90,0,64%,1997
623,J.Dunn,PHI,7,0.5%,13,85,2,54%,1997
624,P.Metzelaars,DET,5,-4.1%,22,132,0,77%,1997
625,B.Kinchen,BAL,4,-3.3%,15,100,1,73%,1997
626,M.Pollard,IND,3,-5.4%,19,121,0,53%,1997
627,E.West,ATL,0,-6.7%,13,73,1,54%,1997
628,J.Allred,CHI,-12,-21.0%,13,46,0,62%,1997
629,J.Thomason,GB,-14,-19.7%,16,62,1,56%,1997
630,M.Roan,TEN,-14,-16.2%,24,104,0,50%,1997
631,P.Carter,ARI,-23,-29.7%,13,36,1,54%,1997
632,H.Goodwin,MIN,-24,-34.0%,14,23,0,50%,1997
633,G.DeLong,MIN,-25,-36.4%,12,18,0,67%,1997
634,M.Battaglia,CIN,-28,-27.0%,22,57,1,55%,1997
635,A.Laing,STL,-28,-42.7%,11,5,1,45%,1997
636,D.Carswell,DEN,-32,-31.4%,19,42,1,63%,1997
637,E.Perry,MIA,-32,-36.2%,16,23,1,69%,1997
638,A.Pierce,NYG,-78,-70.1%,19,-65,0,53%,1997
639,B.Coates,NE,245,28.9%,95,"1,103",6,71%,1998
640,S.Sharpe,DEN,204,22.0%,107,"1,028",10,60%,1998
641,A.Glover,MIN,164,39.2%,59,654,5,59%,1998
642,F.Wycheck,TEN,136,16.2%,91,782,2,77%,1998
643,W.Walls,CAR,133,17.2%,78,746,5,63%,1998
644,O.J.Santiago,ATL,123,40.0%,42,489,5,64%,1998
645,J.Riemersma,BUF,122,44.7%,33,463,6,76%,1998
646,To.McGee,CIN,121,54.0%,32,432,1,69%,1998
647,J.McWilliams,ARI,112,41.1%,33,439,4,79%,1998
648,Ty.Davis,GB,109,47.3%,29,405,7,62%,1998
649,C.Cleeland,NO,107,11.9%,88,701,6,61%,1998
650,J.Harris,TEN,75,14.4%,55,452,2,78%,1998
651,C.Fauria,SEA,69,18.7%,44,374,2,84%,1998
652,M.Chmura,GB,66,6.5%,74,545,4,64%,1998
653,M.Pollard,IND,55,13.7%,40,342,4,60%,1998
654,I.Smith,SF,45,8.1%,41,345,5,61%,1998
655,C.Gedney,ARI,33,7.2%,32,261,1,69%,1998
656,T.Drayton,MIA,32,2.4%,49,352,3,61%,1998
657,D.Moore,TB,16,-1.4%,40,262,4,60%,1998
658,R.Dudley,OAK,12,-4.8%,76,442,5,46%,1998
659,P.Mitchell,JAC,12,-4.5%,63,378,2,60%,1998
660,K.Brady,NYJ,10,-4.6%,50,333,5,60%,1998
661,E.Bjornson,DAL,10,-1.8%,27,166,1,56%,1998
662,D.LaFleur,DAL,-1,-7.6%,30,169,2,67%,1998
663,K.Dilger,IND,-6,-9.1%,48,259,1,65%,1998
664,E.Green,2TM,-8,-9.3%,59,310,1,58%,1998
665,E.Perry,MIA,-17,-14.3%,38,167,0,66%,1998
666,G.Clark,SF,-20,-18.2%,26,111,1,46%,1998
667,J.Asher,WAS,-20,-13.6%,48,222,0,58%,1998
668,W.Rasby,DET,-24,-20.4%,26,103,1,58%,1998
669,E.Conwell,STL,-33,-23.7%,30,97,0,50%,1998
670,L.Purnell,NE,-37,-29.4%,26,61,2,46%,1998
671,M.Bruener,PIT,-41,-24.6%,33,109,2,58%,1998
672,R.Wetnight,CHI,-43,-28.1%,32,80,2,72%,1998
673,S.Alexander,WAS,-56,-21.7%,58,204,4,64%,1998
674,T.Gonzalez,KC,-60,-16.0%,103,444,2,57%,1998
675,A.Mayes,CHI,-66,-35.5%,36,53,0,58%,1998
676,J.Dunn,PHI,-67,-40.5%,30,24,0,60%,1998
677,H.Cross,NYG,-124,-78.2%,29,-123,0,45%,1998
678,F.Jones,SD,-158,-29.7%,111,249,3,51%,1998
679,B.Kozlowski,ATL,37,35.2%,12,153,1,83%,1998
680,L.Johnson,BUF,36,16.1%,22,206,2,64%,1998
681,J.Thomason,GB,30,41.7%,10,118,0,90%,1998
682,D.Sloan,DET,29,13.9%,20,175,1,55%,1998
683,R.Williams,STL,17,5.6%,21,152,1,71%,1998
684,D.Jones,JAC,17,6.4%,17,138,4,47%,1998
685,C.Fontenot,PHI,14,9.6%,12,99,0,67%,1998
686,D.Carswell,DEN,0,-7.4%,10,50,0,40%,1998
687,G.DeLong,MIN,-1,-8.5%,10,53,0,80%,1998
688,L.Broughton,CAR,-5,-12.4%,14,65,1,43%,1998
689,C.Crumpler,SEA,-7,-15.8%,11,51,1,55%,1998
690,B.Kinchen,BAL,-8,-14.7%,20,78,0,65%,1998
691,T.Popson,KC,-13,-18.0%,18,73,0,72%,1998
692,Ty.Armstrong,STL,-21,-35.5%,11,17,0,55%,1998
693,M.Roan,TEN,-49,-37.7%,22,29,0,59%,1998
694,M.Battaglia,CIN,-70,-58.2%,20,-37,1,50%,1998
695,R.Dudley,OAK,275,62.3%,59,931,9,66%,1999
696,T.Gonzalez,KC,271,31.6%,108,"1,178",11,70%,1999
697,K.Dilger,IND,166,43.1%,51,641,2,78%,1999
698,W.Walls,CAR,160,13.7%,108,988,12,58%,1999
699,D.Sloan,DET,102,13.5%,76,637,4,62%,1999
700,F.Jones,SD,91,8.3%,90,688,2,62%,1999
701,J.Riemersma,BUF,82,11.7%,65,543,4,57%,1999
702,D.Moore,TB,76,21.6%,37,387,5,62%,1999
703,R.Williams,STL,70,20.8%,36,361,6,69%,1999
704,M.Pollard,IND,62,12.1%,47,403,4,72%,1999
705,D.LaFleur,DAL,61,9.4%,53,441,7,66%,1999
706,L.Broughton,PHI,57,11.9%,46,374,4,57%,1999
707,To.McGee,CIN,45,7.0%,49,364,2,53%,1999
708,C.Cleeland,NO,45,7.9%,47,349,1,55%,1999
709,J.Harris,TEN,44,11.2%,34,298,1,76%,1999
710,G.Clark,SF,39,3.6%,55,390,0,62%,1999
711,P.Mitchell,NYG,39,-0.6%,91,569,3,64%,1999
712,S.Alexander,WAS,36,3.6%,48,361,3,60%,1999
713,D.Jones,JAC,35,7.0%,34,284,4,56%,1999
714,T.Drayton,MIA,35,3.6%,50,345,1,64%,1999
715,B.Chamberlain,DEN,31,1.3%,57,372,2,56%,1999
716,D.Carswell,DEN,24,2.2%,38,270,2,63%,1999
717,C.Fauria,SEA,21,-0.9%,53,320,0,66%,1999
718,A.Glover,MIN,6,-5.4%,49,264,1,57%,1999
719,K.Brady,JAC,-5,-8.9%,52,264,1,62%,1999
720,M.Battaglia,CIN,-10,-13.2%,27,122,0,52%,1999
721,I.Smith,CLE,-11,-11.1%,42,214,1,57%,1999
722,R.Wetnight,CHI,-11,-10.0%,60,320,1,63%,1999
723,O.J.Santiago,ATL,-13,-13.5%,31,149,0,48%,1999
724,S.Sharpe,DEN,-26,-18.2%,37,144,0,62%,1999
725,T.Hardy,ARI,-35,-18.8%,45,180,0,67%,1999
726,Ty.Davis,GB,-36,-19.5%,45,172,2,44%,1999
727,F.Wycheck,TEN,-58,-15.7%,108,454,2,64%,1999
728,B.Coates,NE,-71,-23.0%,64,224,2,50%,1999
729,J.Weaver,PHI,-73,-44.3%,28,7,0,39%,1999
730,M.Bruener,PIT,-100,-47.3%,35,-7,0,51%,1999
731,J.Thomason,GB,45,25.2%,20,213,2,70%,1999
732,M.Campbell,CLE,35,30.3%,15,156,0,60%,1999
733,R.Kelly,ATL,35,32.5%,13,151,0,62%,1999
734,R.Davis,SD,30,14.0%,19,181,1,63%,1999
735,C.Lewis,2TM,25,16.6%,17,143,3,47%,1999
736,B.Collins,BUF,22,9.5%,20,161,2,45%,1999
737,M.Sellers,WAS,21,17.9%,11,114,2,64%,1999
738,S.Slutzker,NO,16,8.9%,18,120,1,61%,1999
739,L.Johnson,KC,12,2.4%,20,131,1,50%,1999
740,B.Kozlowski,ATL,12,3.4%,16,118,2,69%,1999
741,E.Green,NYJ,10,6.7%,10,81,2,70%,1999
742,J.Allred,CHI,5,-2.8%,17,108,1,76%,1999
743,B.Miller,DEN,4,-1.1%,10,58,0,50%,1999
744,J.Robinson,STL,2,-4.5%,11,78,2,55%,1999
745,E.Bjornson,DAL,1,-6.4%,19,113,0,53%,1999
746,A.Mayes,CHI,0,-7.2%,15,87,1,53%,1999
747,M.Lyons,PIT,0,-7.2%,13,73,0,62%,1999
748,B.Kinchen,CAR,-6,-14.5%,10,56,2,50%,1999
749,J.Brigham,OAK,-7,-14.2%,16,73,0,50%,1999
750,M.Roan,TEN,-13,-16.4%,20,90,3,45%,1999
751,A.Pierce,BAL,-15,-19.3%,21,74,0,52%,1999
752,H.Goodwin,MIA,-19,-37.1%,10,12,0,80%,1999
753,F.Baxter,NYJ,-20,-23.5%,17,59,2,47%,1999
754,R.Rutledge,NE,-20,-32.7%,12,23,0,58%,1999
755,R.Collins,BAL,-22,-33.0%,10,24,0,40%,1999
756,H.Cross,NYG,-42,-41.1%,18,13,0,50%,1999
757,J.McWilliams,ARI,-50,-42.6%,20,10,1,55%,1999
758,G.DeLong,BAL,-69,-53.4%,21,-24,1,62%,1999
759,T.Gonzalez,KC,357,27.7%,150,"1,641",9,62%,2000
760,K.Brady,JAC,190,23.0%,94,943,3,68%,2000
761,S.Sharpe,BAL,142,13.6%,105,883,5,64%,2000
762,M.Pollard,IND,132,41.7%,42,514,3,71%,2000
763,S.Alexander,WAS,125,18.4%,71,681,2,66%,2000
764,W.Walls,CAR,119,25.9%,49,561,2,63%,2000
765,D.Carswell,DEN,98,15.8%,64,573,3,77%,2000
766,D.Clark,DEN,96,31.2%,38,420,3,71%,2000
767,B.Chamberlain,DEN,86,34.0%,32,365,1,69%,2000
768,K.Dilger,IND,72,7.7%,72,565,3,65%,2000
769,J.Harris,DAL,61,9.5%,56,441,5,70%,2000
770,A.Glover,NO,60,14.8%,40,357,4,53%,2000
771,R.Dudley,OAK,55,9.0%,49,404,4,59%,2000
772,F.Wycheck,TEN,44,-1.0%,109,692,4,65%,2000
773,C.Lewis,PHI,42,-1.5%,110,711,3,63%,2000
774,J.Davis,MIN,38,12.3%,29,245,1,59%,2000
775,M.Bruener,PIT,37,9.8%,34,261,3,50%,2000
776,B.Kozlowski,ATL,33,12.6%,25,214,2,60%,2000
777,J.Riemersma,BUF,31,0.6%,60,402,5,52%,2000
778,To.McGee,CIN,24,0.6%,49,309,1,53%,2000
779,J.Wiggins,2TM,22,4.3%,28,213,2,64%,2000
780,P.Mitchell,NYG,20,1.1%,37,249,1,68%,2000
781,J.McWilliams,MIN,15,0.0%,29,207,3,76%,2000
782,B.Franks,GB,15,-3.3%,55,346,1,62%,2000
783,D.Sloan,DET,13,-3.8%,60,355,2,53%,2000
784,D.Moore,TB,12,-4.1%,54,339,3,54%,2000
785,C.Fauria,SEA,11,-3.0%,39,238,2,72%,2000
786,E.Bjornson,NE,10,-2.8%,33,215,2,61%,2000
787,I.Mili,SEA,8,-4.7%,47,282,3,60%,2000
788,K.Mangum,CAR,2,-6.4%,31,182,1,61%,2000
789,K.Sinceno,CHI,-7,-9.9%,41,209,0,56%,2000
790,R.Kelly,ATL,-8,-9.6%,50,265,2,62%,2000
791,G.Clark,SF,-13,-10.7%,51,285,2,75%,2000
792,E.Kinney,TEN,-15,-13.2%,35,182,1,54%,2000
793,A.Becht,NYJ,-18,-15.0%,30,162,2,53%,2000
794,R.Williams,STL,-36,-26.7%,25,78,3,44%,2000
795,A.Shea,CLE,-66,-27.9%,51,125,2,59%,2000
796,Ty.Davis,GB,-69,-32.9%,40,77,2,48%,2000
797,F.Jones,SD,-77,-16.5%,130,533,5,55%,2000
798,T.Hardy,ARI,-104,-39.6%,45,44,1,60%,2000
799,M.Battaglia,CIN,-105,-53.1%,36,-36,0,36%,2000
800,M.Sellers,WAS,37,37.7%,11,149,2,73%,2000
801,J.Weaver,MIA,35,23.0%,15,175,0,67%,2000
802,B.Collins,BUF,23,33.4%,10,97,0,60%,2000
803,J.Thomason,PHI,20,8.8%,14,149,5,71%,2000
804,J.Brigham,OAK,16,4.5%,19,150,2,68%,2000
805,J.Allred,CHI,12,4.6%,15,112,1,60%,2000
806,T.Mitchell,ARI,4,-1.9%,11,76,0,45%,2000
807,C.Gedney,ARI,4,-3.9%,16,111,0,63%,2000
808,W.Rasby,DET,1,-6.2%,15,94,1,67%,2000
809,M.Campbell,CLE,1,-6.3%,16,86,1,75%,2000
810,D.LaFleur,DAL,-4,-10.4%,21,110,1,57%,2000
811,A.Jordan,MIN,-5,-13.0%,14,63,0,57%,2000
812,D.Campbell,NYG,-10,-16.9%,13,64,3,62%,2000
813,H.Goodwin,MIA,-15,-22.7%,13,48,1,46%,2000
814,R.Rutledge,NE,-18,-19.6%,20,84,1,75%,2000
815,S.Heiden,SD,-26,-37.9%,12,15,1,50%,2000
816,L.Broughton,PHI,-29,-30.8%,18,40,0,67%,2000
817,B.Coates,BAL,-39,-38.7%,18,20,0,50%,2000
818,P.Hape,TB,-42,-53.3%,13,-15,0,46%,2000
819,T.Gonzalez,KC,234,21.7%,118,"1,190",6,62%,2001
820,M.Pollard,IND,218,36.8%,73,890,8,64%,2001
821,F.Wycheck,TEN,138,17.9%,85,762,4,72%,2001
822,S.Sharpe,BAL,137,11.0%,114,931,2,64%,2001
823,J.Riemersma,BUF,129,17.0%,78,730,3,68%,2001
824,B.Franks,GB,115,25.2%,48,547,9,75%,2001
825,B.Chamberlain,MIN,102,12.2%,80,665,3,71%,2001
826,D.Clark,DEN,96,11.8%,77,634,6,66%,2001
827,M.Ricks,KC,57,21.4%,30,294,1,60%,2001
828,A.Becht,NYJ,54,7.4%,52,427,5,69%,2001
829,E.Kinney,TEN,49,10.3%,42,340,1,60%,2001
830,D.Moore,TB,47,7.0%,52,382,4,67%,2001
831,Z.Flemister,WAS,47,15.7%,29,273,2,62%,2001
832,D.Sloan,DET,46,2.3%,69,506,7,54%,2001
833,E.Conwell,STL,42,3.7%,52,411,4,73%,2001
834,C.Lewis,PHI,39,1.1%,68,480,6,60%,2001
835,W.Walls,CAR,32,-0.7%,73,479,5,59%,2001
836,K.Brady,JAC,30,0.3%,63,404,2,57%,2001
837,F.Jones,SD,27,-0.2%,60,385,4,58%,2001
838,J.Weaver,MIA,26,6.3%,25,214,2,72%,2001
839,A.Crumpler,ATL,15,-1.5%,41,255,3,61%,2001
840,J.Harris,DAL,6,-3.6%,25,149,2,60%,2001
841,E.Johnson,SF,4,-6.4%,64,382,3,63%,2001
842,D.Campbell,NYG,3,-5.4%,25,157,1,52%,2001
843,D.Carswell,DEN,0,-7.2%,56,306,4,61%,2001
844,O.J.Santiago,CLE,-4,-9.6%,27,144,2,63%,2001
845,B.Williams,NO,-21,-14.4%,42,196,3,48%,2001
846,To.McGee,CIN,-24,-19.0%,30,119,1,47%,2001
847,K.Mangum,CAR,-27,-20.1%,27,117,2,56%,2001
848,R.Williams,OAK,-27,-14.9%,53,243,3,62%,2001
849,T.Mitchell,ARI,-28,-19.1%,39,140,2,64%,2001
850,R.Kelly,ATL,-30,-22.4%,29,102,0,55%,2001
851,W.Rasby,WAS,-35,-28.2%,27,65,2,37%,2001
852,K.Dilger,IND,-45,-19.7%,54,209,1,59%,2001
853,C.Fauria,SEA,-54,-26.7%,40,117,1,53%,2001
854,F.Baxter,CHI,-77,-31.4%,44,100,2,50%,2001
855,B.Kozlowski,ATL,81,46.7%,22,301,1,68%,2001
856,J.Wiggins,NE,43,22.5%,21,216,4,67%,2001
857,J.Robinson,STL,30,25.3%,13,144,1,85%,2001
858,D.Jones,JAC,29,24.4%,13,140,1,62%,2001
859,T.Heap,BAL,24,7.4%,23,188,1,70%,2001
860,D.Martin,GB,21,9.1%,20,157,1,65%,2001
861,J.Swift,SF,17,12.5%,11,107,1,100%,2001
862,I.Mili,SEA,16,10.8%,12,112,2,67%,2001
863,M.Lucky,DAL,16,5.7%,21,140,1,62%,2001
864,S.Bush,ARI,12,7.6%,12,97,0,67%,2001
865,C.Cleeland,NO,6,-3.3%,22,145,4,59%,2001
866,M.Sellers,CLE,2,-5.2%,13,89,2,54%,2001
867,S.Heiden,SD,-1,-7.9%,13,74,1,62%,2001
868,J.Brigham,OAK,-4,-10.6%,17,98,1,71%,2001
869,M.Bruener,PIT,-9,-14.6%,18,88,0,67%,2001
870,M.Battaglia,2TM,-13,-15.9%,24,98,0,58%,2001
871,R.Dudley,CLE,-17,-23.0%,16,53,0,56%,2001
872,J.Davis,CHI,-18,-21.8%,17,63,0,65%,2001
873,J.Tuman,PIT,-18,-22.4%,19,62,1,37%,2001
874,J.Dunn,KC,-19,-27.2%,13,38,1,31%,2001
875,A.Shea,CLE,-19,-23.7%,20,56,0,70%,2001
876,J.Huggins,DAL,-22,-36.1%,12,16,0,67%,2001
877,H.Goodwin,MIA,-28,-51.4%,10,-8,0,40%,2001
878,T.Hardy,ARI,-42,-36.7%,22,29,2,50%,2001
879,S.Alexander,WAS,-55,-48.9%,23,-9,0,39%,2001
880,B.Miller,HOU,184,30.5%,80,811,3,64%,2002
881,T.Gonzalez,KC,157,16.6%,99,895,7,64%,2002
882,D.Jolley,OAK,135,45.2%,37,510,2,86%,2002
883,S.Sharpe,DEN,123,12.9%,88,778,3,69%,2002
884,A.Crumpler,ATL,101,17.8%,58,559,5,62%,2002
885,J.Kleinsasser,MIN,92,21.4%,50,472,1,74%,2002
886,C.Fauria,NE,90,24.2%,40,435,7,68%,2002
887,B.Franks,GB,82,7.9%,71,636,7,76%,2002
888,J.Riemersma,BUF,82,18.1%,48,450,0,67%,2002
889,K.Brady,JAC,81,11.0%,67,551,4,64%,2002
890,To.McGee,DAL,81,33.0%,30,346,1,77%,2002
891,T.Heap,BAL,81,2.6%,122,861,6,56%,2002
892,E.Conwell,STL,66,15.1%,48,393,2,71%,2002
893,R.McMichael,MIA,59,5.9%,68,504,4,57%,2002
894,B.Chamberlain,MIN,51,8.9%,50,378,0,68%,2002
895,I.Mili,SEA,50,4.5%,64,465,2,67%,2002
896,J.Shockey,NYG,50,-1.5%,127,826,2,58%,2002
897,M.Pollard,IND,45,2.8%,69,475,6,62%,2002
898,P.Mitchell,JAC,44,10.1%,36,311,2,69%,2002
899,J.Norman,SD,44,18.8%,25,236,1,64%,2002
900,J.Davis,CHI,33,7.6%,33,262,3,61%,2002
901,M.Schobel,CIN,33,6.3%,36,275,2,75%,2002
902,A.Becht,NYJ,29,1.4%,44,340,5,64%,2002
903,D.Carswell,DEN,27,6.7%,29,220,1,72%,2002
904,W.Walls,CAR,19,0.5%,36,248,4,53%,2002
905,R.Dudley,TB,16,1.1%,26,194,3,62%,2002
906,K.Dilger,TB,7,-5.2%,48,289,2,71%,2002
907,C.Lewis,PHI,4,-6.4%,67,392,3,63%,2002
908,Z.Flemister,WAS,0,-7.3%,25,138,2,40%,2002
909,D.Campbell,NYG,0,-7.4%,31,170,1,71%,2002
910,S.Alexander,SD,-4,-8.0%,76,401,1,59%,2002
911,J.Whalen,DAL,-13,-15.0%,29,111,0,59%,2002
912,F.Wycheck,TEN,-21,-12.0%,66,332,2,61%,2002
913,S.Bush,ARI,-21,-19.3%,27,103,1,70%,2002
914,K.Mangum,CAR,-22,-19.2%,29,107,0,55%,2002
915,J.Stevens,SEA,-25,-15.6%,42,195,3,62%,2002
916,D.Sloan,NO,-31,-26.6%,25,68,0,48%,2002
917,E.Johnson,SF,-32,-14.9%,65,285,0,55%,2002
918,M.Ricks,DET,-33,-13.9%,68,347,3,40%,2002
919,B.Williams,NO,-43,-29.0%,31,73,2,42%,2002
920,R.Williams,OAK,-54,-27.2%,40,110,0,68%,2002
921,M.Campbell,CLE,-78,-30.7%,46,109,3,54%,2002
922,F.Jones,ARI,-103,-26.4%,80,229,1,55%,2002
923,J.Thomason,PHI,63,66.3%,12,210,2,83%,2002
924,T.Davis,GB,39,39.5%,11,156,1,82%,2002
925,E.Kinney,TEN,31,16.6%,19,179,0,68%,2002
926,D.Lyman,CHI,29,15.9%,20,167,2,70%,2002
927,D.Moore,BUF,20,4.3%,24,193,2,67%,2002
928,B.Kozlowski,ATL,19,24.2%,9,93,0,67%,2002
929,B.Manumaleuna,STL,16,10.8%,14,110,1,57%,2002
930,R.Kelly,ATL,14,2.6%,20,148,0,70%,2002
931,J.Gilmore,CHI,14,4.8%,14,124,0,71%,2002
932,C.Cleeland,NE,12,1.1%,21,150,1,76%,2002
933,S.Heiden,CLE,9,-1.4%,19,145,1,89%,2002
934,J.Holloway,HOU,-2,-9.6%,10,53,0,70%,2002
935,W.Rasby,WAS,-2,-9.6%,13,64,0,69%,2002
936,D.Graham,NE,-5,-11.0%,23,112,1,65%,2002
937,J.Jones,BAL,-8,-18.5%,11,45,1,55%,2002
938,M.Bruener,PIT,-10,-14.9%,18,87,1,72%,2002
939,J.Tuman,PIT,-13,-21.7%,14,47,1,29%,2002
940,D.Martin,GB,-18,-29.7%,11,28,1,73%,2002
941,J.Swift,SF,-19,-26.1%,15,45,0,67%,2002
942,J.Davenport,IND,-22,-27.7%,15,43,0,53%,2002
943,J.Wiggins,2TM,-27,-33.0%,15,29,1,67%,2002
944,P.Hape,DEN,-27,-32.7%,14,31,2,43%,2002
945,T.Jones,BAL,-29,-27.2%,21,59,1,52%,2002
946,J.Owens,DET,-64,-61.5%,15,-40,0,33%,2002
947,T.Gonzalez,KC,254,28.8%,106,"1,149",10,67%,2003
948,S.Sharpe,DEN,218,28.5%,94,988,8,66%,2003
949,I.Mili,SEA,156,28.5%,62,705,4,74%,2003
950,J.Kleinsasser,MIN,131,27.8%,59,598,4,78%,2003
951,J.Shockey,NYG,123,18.1%,71,673,2,69%,2003
952,M.Schobel,CIN,103,50.2%,30,376,2,80%,2003
953,B.Williams,NO,96,15.7%,62,559,5,66%,2003
954,M.Pollard,IND,94,16.4%,57,541,3,70%,2003
955,A.Gates,SD,84,24.3%,42,408,2,57%,2003
956,C.Lewis,PHI,79,23.6%,40,388,1,58%,2003
957,E.Kinney,TEN,76,12.2%,58,497,3,71%,2003
958,J.Weaver,SF,69,12.9%,53,441,1,66%,2003
959,D.Clark,IND,63,13.4%,42,391,1,69%,2003
960,R.McMichael,MIA,53,2.4%,83,581,2,59%,2003
961,D.Graham,NE,45,4.2%,62,432,4,61%,2003
962,T.Jones,BAL,45,20.6%,25,234,3,76%,2003
963,M.Ricks,DET,37,2.2%,61,415,2,61%,2003
964,A.Becht,NYJ,37,1.3%,58,441,4,69%,2003
965,F.Wycheck,TEN,36,9.8%,29,257,2,59%,2003
966,A.Crumpler,ATL,35,-0.2%,80,496,3,55%,2003
967,C.Fauria,NE,35,4.3%,45,331,2,62%,2003
968,J.Witten,DAL,35,3.0%,54,363,1,65%,2003
969,B.Franks,GB,21,-0.1%,44,298,4,68%,2003
970,T.Stewart,CIN,17,-0.1%,33,231,0,64%,2003
971,B.Miller,HOU,16,-3.4%,65,380,3,62%,2003
972,T.Heap,BAL,13,-5.5%,112,636,3,51%,2003
973,M.Campbell,BUF,11,-4.1%,50,306,1,68%,2003
974,E.Conwell,NO,1,-6.9%,44,239,2,59%,2003
975,K.Mangum,CAR,-1,-7.9%,29,160,0,59%,2003
976,K.Brady,JAC,-9,-10.2%,46,232,1,63%,2003
977,L.J.Smith,PHI,-19,-13.0%,46,231,1,59%,2003
978,W.Walls,GB,-20,-16.2%,33,141,1,61%,2003
979,D.Campbell,DAL,-21,-17.4%,31,127,1,65%,2003
980,D.Clark,CHI,-25,-12.8%,71,325,2,62%,2003
981,F.Jones,ARI,-30,-12.7%,88,398,3,63%,2003
982,J.Peelle,SD,-30,-25.1%,25,78,1,64%,2003
983,B.Manumaleuna,STL,-36,-19.1%,45,176,2,64%,2003
984,C.FitzSimmons,DET,-37,-20.8%,40,149,2,58%,2003
985,K.Dilger,TB,-51,-25.9%,41,119,1,54%,2003
986,D.Jolley,OAK,-65,-25.7%,53,155,1,58%,2003
987,S.Heiden,CLE,-70,-38.8%,31,34,0,58%,2003
988,B.Kozlowski,ATL,-75,-48.6%,27,-11,0,37%,2003
989,A.Walker,SF,38,34.1%,13,162,1,62%,2003
990,M.Rivers,NYG,36,16.3%,22,207,0,77%,2003
991,G.Wrighster,JAC,30,14.3%,20,185,2,65%,2003
992,T.Yoder,TB,27,24.5%,11,129,2,64%,2003
993,C.Baker,NYJ,23,12.7%,18,146,0,78%,2003
994,D.Lee,MIA,20,17.8%,11,112,1,64%,2003
995,C.Cleeland,STL,18,10.1%,16,126,0,63%,2003
996,J.Holloway,HOU,17,17.3%,10,94,0,80%,2003
997,T.Johnson,OAK,6,-3.4%,24,137,1,58%,2003
998,D.Lyman,CHI,4,-2.3%,13,83,0,85%,2003
999,D.Martin,GB,1,-6.3%,17,106,2,76%,2003
1000,S.Meier,TEN,-2,-8.9%,19,105,0,68%,2003
1001,J.Tuman,PIT,-5,-11.3%,19,96,0,63%,2003
1002,R.Dudley,TB,-9,-18.1%,11,48,1,64%,2003
1003,S.Bush,ARI,-12,-17.5%,17,70,1,65%,2003
1004,J.Riemersma,PIT,-13,-14.9%,23,111,1,43%,2003
1005,M.Seidman,CAR,-13,-23.1%,10,40,0,50%,2003
1006,J.Norman,SD,-13,-23.5%,12,40,1,50%,2003
1007,Z.Flemister,WAS,-14,-19.1%,17,69,0,53%,2003
1008,R.Kelly,CIN,-19,-20.1%,21,84,1,62%,2003
1009,D.Moore,BUF,-33,-33.2%,18,36,2,39%,2003
1010,D.Carswell,DEN,-36,-39.7%,17,15,1,35%,2003
1011,R.Royal,WAS,-38,-58.0%,11,-20,0,45%,2003
1012,V.Shiancoe,NYG,-39,-31.9%,23,47,2,43%,2003
1013,J.Stevens,SEA,-40,-37.1%,19,26,0,32%,2003
1014,D.Sanders,CLE,-40,-32.0%,21,49,1,71%,2003
1015,J.Wiggins,CAR,-44,-38.7%,20,22,1,40%,2003
1016,T.Gonzalez,KC,335,26.1%,148,"1,573",7,69%,2004
1017,A.Gates,SD,309,30.5%,114,"1,361",13,71%,2004
1018,J.Witten,DAL,201,18.5%,121,"1,094",6,72%,2004
1019,A.Crumpler,ATL,178,28.9%,74,804,6,65%,2004
1020,J.Putzier,DEN,146,35.4%,54,604,2,67%,2004
1021,E.Johnson,SF,143,12.1%,117,932,2,70%,2004
1022,J.Wiggins,MIN,117,12.1%,92,764,4,77%,2004
1023,D.Graham,NE,100,22.1%,48,506,7,63%,2004
1024,D.Clark,IND,86,23.5%,39,422,5,64%,2004
1025,B.Franks,GB,77,13.2%,50,487,7,68%,2004
1026,M.Pollard,IND,77,20.7%,41,399,6,71%,2004
1027,J.Shockey,NYG,68,2.8%,97,712,6,63%,2004
1028,S.Heiden,CLE,62,14.8%,42,372,5,67%,2004
1029,L.J.Smith,PHI,61,9.9%,54,432,5,63%,2004
1030,T.Heap,BAL,55,12.0%,44,364,3,61%,2004
1031,R.McMichael,MIA,53,-0.3%,118,754,4,62%,2004
1032,E.Kinney,TEN,52,16.3%,30,301,3,83%,2004
1033,J.Stevens,SEA,40,4.4%,47,373,3,66%,2004
1034,M.Campbell,BUF,37,10.4%,30,254,5,57%,2004
1035,I.Mili,SEA,29,4.4%,36,273,1,64%,2004
1036,M.Schobel,CIN,28,6.5%,33,232,4,64%,2004
1037,C.Baker,NYJ,26,4.4%,29,249,4,62%,2004
1038,K.Dilger,TB,25,-0.4%,55,365,3,71%,2004
1039,D.Wilcox,BAL,18,0.9%,35,228,1,71%,2004
1040,C.Lewis,PHI,14,-2.8%,46,305,3,63%,2004
1041,J.Dunn,KC,13,0.2%,25,171,3,68%,2004
1042,A.Shea,CLE,9,-4.1%,48,267,4,54%,2004
1043,C.Cooley,WAS,0,-7.2%,63,368,6,59%,2004
1044,D.Jolley,OAK,-2,-8.0%,48,262,2,56%,2004
1045,D.Carswell,DEN,-16,-14.1%,36,162,1,61%,2004
1046,B.Miller,HOU,-30,-21.1%,34,116,1,50%,2004
1047,T.Jones,BAL,-32,-24.3%,29,87,1,69%,2004
1048,K.Mangum,CAR,-35,-16.6%,58,237,3,59%,2004
1049,A.Becht,NYJ,-47,-31.6%,28,60,1,46%,2004
1050,F.Jones,ARI,-60,-20.1%,74,265,2,61%,2004
1051,D.Clark,CHI,-66,-29.7%,49,104,1,49%,2004
1052,T.Stewart,CIN,-78,-53.2%,25,-27,1,40%,2004
1053,B.Troupe,TEN,-86,-32.0%,54,105,1,61%,2004
1054,S.Meier,TEN,-97,-45.0%,36,5,2,69%,2004
1055,S.Alexander,DET,-124,-31.6%,76,159,1,54%,2004
1056,B.Williams,NO,-139,-35.3%,75,114,2,44%,2004
1057,C.Fauria,NE,64,34.0%,20,268,2,80%,2004
1058,M.Seidman,CAR,50,44.7%,13,191,2,100%,2004
1059,T.Johnson,OAK,50,46.7%,13,187,2,69%,2004
1060,T.Euhus,BUF,30,23.0%,15,147,2,73%,2004
1061,B.Manumaleuna,STL,28,13.4%,21,175,1,71%,2004
1062,C.Anderson,OAK,27,11.3%,21,182,1,62%,2004
1063,R.Hannam,SEA,24,21.9%,12,124,0,67%,2004
1064,J.Weaver,NE,21,19.0%,12,114,0,67%,2004
1065,R.Royal,WAS,12,4.9%,15,111,4,53%,2004
1066,A.Walker,SF,9,0.6%,15,113,0,67%,2004
1067,S.Berton,MIN,8,4.2%,11,77,0,82%,2004
1068,D.Dinkins,BAL,7,-0.7%,15,100,1,60%,2004
1069,C.FitzSimmons,DET,2,-4.9%,14,82,0,71%,2004
1070,C.Cleeland,STL,-4,-12.0%,12,61,0,58%,2004
1071,J.Tuman,PIT,-4,-10.1%,20,110,3,45%,2004
1072,D.Martin,GB,-4,-12.9%,12,57,0,42%,2004
1073,K.Winslow,CLE,-9,-21.6%,11,33,0,45%,2004
1074,W.Heller,TB,-14,-18.7%,16,72,1,75%,2004
1075,D.Lee,MIA,-14,-18.7%,20,73,1,65%,2004
1076,G.Wrighster,JAC,-21,-33.2%,14,22,1,71%,2004
1077,R.Neufeld,BUF,-22,-31.3%,14,29,0,43%,2004
1078,M.Rivers,NYG,-26,-36.4%,12,18,1,42%,2004
1079,P.Hape,DEN,-26,-25.9%,17,61,4,47%,2004
1080,E.Conwell,NO,-29,-29.4%,19,46,1,53%,2004
1081,T.Yoder,JAC,-29,-26.4%,22,65,0,64%,2004
1082,B.Steele,GB,-30,-47.3%,11,-2,0,36%,2004
1083,M.Bruener,HOU,-30,-47.4%,10,-2,0,40%,2004
1084,K.Brady,JAC,-30,-25.6%,23,73,1,61%,2004
1085,R.Kelly,CIN,-34,-32.1%,21,41,0,71%,2004
1086,J.Peelle,SD,-35,-34.6%,20,32,2,50%,2004
1087,B.Jones,JAC,-39,-38.8%,19,19,1,32%,2004
1088,D.Lyman,CHI,-62,-46.2%,23,-1,1,48%,2004
1089,M.Gaines,CAR,-73,-74.2%,14,-67,0,29%,2004
1090,A.Gates,SD,279,23.1%,139,"1,380",10,63%,2005
1091,J.Witten,DAL,239,35.7%,88,991,6,74%,2005
1092,T.Gonzalez,KC,194,18.1%,116,"1,064",2,67%,2005
1093,C.Cooley,WAS,141,12.9%,103,899,7,69%,2005
1094,J.Stevens,SEA,139,21.3%,68,712,5,66%,2005
1095,D.Clark,IND,130,29.9%,51,579,4,73%,2005
1096,H.Miller,PIT,129,29.1%,52,582,6,75%,2005
1097,T.Heap,BAL,126,10.1%,114,887,7,66%,2005
1098,J.Shockey,NYG,102,5.8%,122,881,7,53%,2005
1099,J.Putzier,DEN,90,15.4%,58,529,0,64%,2005
1100,J.Wiggins,MIN,80,6.7%,90,656,1,76%,2005
1101,B.Watson,NE,75,13.9%,54,460,4,54%,2005
1102,C.Baker,NYJ,74,40.1%,25,294,1,72%,2005
1103,E.Kinney,TEN,64,6.9%,72,517,2,76%,2005
1104,B.Fletcher,IND,63,29.5%,27,280,3,67%,2005
1105,D.Martin,GB,47,10.9%,39,319,3,69%,2005
1106,S.Heiden,CLE,44,3.2%,60,456,3,72%,2005
1107,D.Graham,NE,38,17.5%,25,211,3,64%,2005
1108,A.Crumpler,ATL,38,-2.3%,118,727,5,55%,2005
1109,Z.Hilton,NO,28,0.4%,55,371,1,64%,2005
1110,C.Anderson,OAK,26,0.6%,50,336,3,48%,2005
1111,K.Mangum,CAR,21,1.2%,35,254,2,66%,2005
1112,L.J.Smith,PHI,17,-4.9%,107,643,3,57%,2005
1113,A.Bergen,ARI,13,-2.3%,43,254,1,65%,2005
1114,M.Schobel,CIN,13,1.3%,25,150,1,72%,2005
1115,B.Troupe,TEN,9,-5.6%,80,484,4,69%,2005
1116,D.Wilcox,BAL,9,-2.7%,28,178,1,71%,2005
1117,R.Williams,OAK,2,-6.1%,26,149,0,50%,2005
1118,A.Shea,CLE,1,-6.6%,32,185,1,56%,2005
1119,D.Jolley,NYJ,-2,-7.8%,50,278,1,58%,2005
1120,A.Smith,TB,-9,-9.7%,60,308,2,68%,2005
1121,B.Scaife,TEN,-14,-10.9%,55,297,2,67%,2005
1122,D.Lee,GB,-15,-11.5%,55,267,2,60%,2005
1123,E.Conwell,NO,-16,-15.7%,29,123,1,45%,2005
1124,J.Kleinsasser,MIN,-16,-16.9%,28,106,0,79%,2005
1125,D.Clark,CHI,-23,-14.4%,49,219,2,49%,2005
1126,B.Franks,GB,-25,-16.9%,37,167,1,65%,2005
1127,A.Becht,TB,-36,-30.8%,25,50,0,64%,2005
1128,M.Rivers,HOU,-38,-24.8%,35,99,0,69%,2005
1129,M.Pollard,DET,-41,-15.3%,78,341,3,59%,2005
1130,S.Alexander,DEN,-42,-23.4%,36,128,1,58%,2005
1131,K.Brady,JAC,-57,-41.9%,26,14,1,69%,2005
1132,R.Royal,WAS,-64,-34.2%,35,60,1,51%,2005
1133,R.McMichael,MIA,-68,-17.4%,104,418,5,58%,2005
1134,M.Campbell,BUF,-74,-47.3%,29,-6,0,66%,2005
1135,M.Sellers,WAS,76,51.2%,16,274,7,75%,2005
1136,M.Gaines,CAR,43,29.8%,16,190,2,75%,2005
1137,E.Edwards,ARI,14,3.3%,17,139,1,71%,2005
1138,R.Hannam,SEA,4,-3.9%,21,122,1,62%,2005
1139,R.Kelly,CIN,-4,-10.8%,18,88,1,83%,2005
1140,C.Fauria,NE,-6,-11.4%,17,104,2,47%,2005
1141,B.Utecht,IND,-7,-16.2%,12,53,2,25%,2005
1142,D.Dinkins,BAL,-8,-16.4%,13,54,0,46%,2005
1143,B.Bajema,SF,-9,-21.8%,10,32,0,50%,2005
1144,G.Wrighster,JAC,-10,-14.1%,23,104,2,57%,2005
1145,T.Jones,SF,-11,-18.0%,15,61,0,60%,2005
1146,V.Shiancoe,NYG,-12,-18.5%,17,64,0,47%,2005
1147,L.Diamond,MIA,-18,-29.6%,12,29,0,67%,2005
1148,J.Dreessen,NYJ,-23,-39.0%,10,11,0,50%,2005
1149,C.FitzSimmons,DET,-24,-28.9%,17,41,1,59%,2005
1150,S.Spach,PHI,-34,-46.8%,12,-2,0,58%,2005
1151,B.Manumaleuna,STL,-38,-35.1%,20,32,1,65%,2005
1152,J.Peelle,SD,-71,-58.9%,20,-39,1,55%,2005
1153,T.Gonzalez,KC,244,28.8%,104,"1,101",5,70%,2006
1154,A.Gates,SD,206,17.2%,120,"1,158",9,59%,2006
1155,J.Witten,DAL,143,18.3%,91,783,1,70%,2006
1156,K.Winslow,CLE,123,8.3%,120,934,3,74%,2006
1157,T.Heap,BAL,116,8.0%,116,897,6,63%,2006
1158,D.Clark,CHI,115,13.8%,80,713,6,56%,2006
1159,O.Daniels,HOU,103,21.8%,51,520,5,67%,2006
1160,R.McMichael,MIA,100,8.9%,96,735,3,65%,2006
1161,D.Campbell,DET,86,31.0%,32,375,4,66%,2006
1162,C.Baker,NYJ,85,19.7%,45,452,4,69%,2006
1163,A.Crumpler,ATL,85,4.8%,103,778,8,54%,2006
1164,C.Cooley,WAS,76,5.3%,95,677,6,60%,2006
1165,H.Miller,PIT,64,10.3%,55,449,5,62%,2006
1166,R.Kelly,CIN,64,21.5%,33,324,1,64%,2006
1167,B.Fletcher,IND,61,29.5%,25,274,2,72%,2006
1168,T.Scheffler,DEN,60,14.7%,37,359,4,49%,2006
1169,B.Utecht,IND,55,9.9%,53,390,0,70%,2006
1170,L.J.Smith,PHI,54,2.6%,80,581,5,63%,2006
1171,K.Wilson,KC,39,13.5%,24,243,3,63%,2006
1172,D.Clark,IND,32,0.6%,57,418,4,53%,2006
1173,C.Anderson,OAK,28,2.8%,43,292,2,58%,2006
1174,D.Martin,GB,27,3.2%,36,273,2,58%,2006
1175,J.Shockey,NYG,22,-4.3%,115,664,7,57%,2006
1176,B.Watson,NE,21,-3.9%,91,562,3,54%,2006
1177,D.Graham,NE,17,0.1%,34,235,2,62%,2006
1178,J.Klopfenstein,STL,14,-1.1%,34,226,1,59%,2006
1179,R.Royal,BUF,11,-3.1%,40,244,3,60%,2006
1180,E.Johnson,SF,8,-4.8%,49,297,2,69%,2006
1181,B.Scaife,TEN,8,-5.1%,57,323,3,53%,2006
1182,G.Wrighster,JAC,5,-6.0%,63,362,3,62%,2006
1183,S.Heiden,CLE,2,-6.5%,46,253,2,78%,2006
1184,D.Wilcox,BAL,1,-6.8%,27,168,3,74%,2006
1185,S.Alexander,DEN,-1,-7.8%,35,206,2,51%,2006
1186,B.Troupe,TEN,-10,-12.6%,29,135,2,45%,2006
1187,A.Fasano,DAL,-11,-14.1%,24,108,0,58%,2006
1188,J.Wiggins,MIN,-20,-11.8%,67,335,1,69%,2006
1189,K.Mangum,CAR,-28,-19.4%,33,131,1,64%,2006
1190,M.Gaines,CAR,-29,-22.6%,28,95,0,54%,2006
1191,M.Campbell,NO,-31,-23.2%,29,97,0,62%,2006
1192,A.Becht,TB,-39,-29.9%,26,60,1,69%,2006
1193,J.Stevens,SEA,-42,-20.1%,48,184,4,46%,2006
1194,V.Davis,SF,-44,-23.3%,42,135,3,48%,2006
1195,A.Smith,TB,-50,-21.1%,53,195,3,66%,2006
1196,R.Williams,OAK,-64,-25.2%,57,160,0,49%,2006
1197,B.Franks,GB,-73,-29.1%,53,121,0,47%,2006
1198,D.Thomas,NE,42,34.7%,16,176,1,69%,2006
1199,B.Manumaleuna,SD,33,21.2%,17,170,3,82%,2006
1200,M.Bruener,HOU,31,36.6%,10,128,2,90%,2006
1201,M.Schobel,PHI,26,8.4%,22,193,2,64%,2006
1202,J.Madsen,OAK,21,9.7%,19,147,1,58%,2006
1203,J.Peelle,MIA,19,9.2%,18,140,1,89%,2006
1204,C.FitzSimmons,DET,17,20.5%,10,90,0,70%,2006
1205,T.Stewart,CIN,11,1.5%,18,127,1,78%,2006
1206,J.Putzier,HOU,9,-0.7%,22,135,0,59%,2006
1207,M.Lewis,JAC,5,-3.8%,21,136,1,62%,2006
1208,V.Shiancoe,NYG,-1,-8.4%,14,68,0,86%,2006
1209,M.Pollard,DET,-4,-10.9%,17,94,0,71%,2006
1210,J.Gilmore,CHI,-9,-17.4%,12,54,2,50%,2006
1211,E.Conwell,NO,-11,-18.9%,13,57,1,62%,2006
1212,D.Lee,GB,-15,-17.9%,21,87,0,48%,2006
1213,L.Pope,ARI,-15,-16.7%,23,103,0,70%,2006
1214,J.Dunn,KC,-16,-28.6%,10,28,0,40%,2006
1215,B.Hartsock,TEN,-28,-34.4%,15,26,0,40%,2006
1216,D.Blakley,ATL,-29,-35.7%,14,23,0,43%,2006
1217,B.Miller,NO,-30,-28.1%,22,56,0,64%,2006
1218,G.Reid,CHI,-36,-61.3%,10,-22,0,40%,2006
1219,I.Mili,SEA,-44,-42.6%,18,9,0,56%,2006
1220,J.Kleinsasser,MIN,-45,-48.9%,16,-7,0,44%,2006
1221,A.Bergen,ARI,-51,-40.3%,24,19,1,63%,2006
1222,A.Gates,SD,258,27.3%,117,"1,190",9,64%,2007
1223,J.Witten,DAL,242,19.6%,141,"1,286",7,68%,2007
1224,H.Miller,PIT,174,34.2%,61,734,7,77%,2007
1225,T.Gonzalez,KC,161,9.4%,154,"1,162",5,64%,2007
1226,D.Lee,GB,145,26.0%,63,685,6,76%,2007
1227,T.Scheffler,DEN,133,22.6%,65,664,5,75%,2007
1228,O.Daniels,HOU,105,9.2%,94,763,3,67%,2007
1229,B.Watson,NE,95,20.6%,49,495,6,73%,2007
1230,C.Cooley,WAS,95,5.9%,110,815,8,60%,2007
1231,D.Clark,CHI,87,13.3%,66,545,4,67%,2007
1232,B.Utecht,IND,86,27.7%,37,393,1,84%,2007
1233,M.Pollard,SEA,76,23.5%,35,373,2,80%,2007
1234,C.Baker,NYJ,67,8.5%,61,504,3,67%,2007
1235,B.Miller,NO,63,15.9%,38,368,2,71%,2007
1236,R.McMichael,STL,57,5.5%,67,499,3,58%,2007
1237,D.Graham,DEN,54,16.2%,33,311,2,73%,2007
1238,K.Winslow,CLE,43,-2.8%,148,905,5,55%,2007
1239,J.Shockey,NYG,33,-1.9%,94,596,3,62%,2007
1240,R.Kelly,CIN,24,7.9%,27,188,0,74%,2007
1241,M.Gaines,BUF,24,2.6%,35,253,2,71%,2007
1242,D.Clark,IND,22,-4.1%,101,633,11,57%,2007
1243,M.Lewis,JAC,19,-2.4%,57,372,2,65%,2007
1244,A.Smith,TB,19,-2.0%,53,338,3,60%,2007
1245,L.Pope,ARI,17,-0.1%,34,237,5,68%,2007
1246,T.Heap,BAL,15,-1.1%,34,236,1,68%,2007
1247,E.Johnson,NO,8,-5.5%,63,386,2,76%,2007
1248,S.McHugh,DET,4,-5.6%,29,187,0,59%,2007
1249,A.Crumpler,ATL,3,-6.6%,70,386,5,60%,2007
1250,V.Shiancoe,MIN,-7,-9.8%,43,220,1,63%,2007
1251,D.Martin,MIA,-13,-11.3%,50,252,2,68%,2007
1252,G.Olsen,CHI,-18,-11.4%,66,322,2,59%,2007
1253,B.Fletcher,IND,-21,-19.4%,27,102,0,67%,2007
1254,G.Wrighster,JAC,-22,-19.5%,24,104,1,71%,2007
1255,R.Royal,BUF,-23,-16.5%,38,159,3,66%,2007
1256,Z.Miller,OAK,-23,-12.5%,69,326,3,64%,2007
1257,B.Franks,GB,-30,-20.6%,32,122,3,56%,2007
1258,W.Heller,SEA,-45,-31.7%,26,57,3,50%,2007
1259,J.Peelle,MIA,-45,-21.4%,47,172,2,62%,2007
1260,V.Davis,SF,-46,-15.6%,85,369,4,61%,2007
1261,L.J.Smith,PHI,-58,-26.1%,44,133,1,50%,2007
1262,Q.Sypniewski,BAL,-86,-31.9%,52,105,1,65%,2007
1263,J.King,CAR,-98,-25.6%,80,235,2,58%,2007
1264,D.Walker,SF,-100,-43.1%,42,17,1,50%,2007
1265,B.Scaife,TEN,-120,-30.5%,78,173,1,59%,2007
1266,J.Stevens,TB,83,49.8%,21,303,4,86%,2007
1267,K.Boss,NYG,45,40.9%,14,176,2,64%,2007
1268,D.Coats,CIN,39,33.5%,16,166,0,75%,2007
1269,B.Celek,PHI,36,17.6%,22,202,1,73%,2007
1270,C.FitzSimmons,DET,30,33.9%,10,126,1,80%,2007
1271,G.Estandia,JAC,24,16.2%,16,136,0,56%,2007
1272,T.Yoder,WAS,18,16.5%,12,100,1,58%,2007
1273,J.Madsen,OAK,17,13.2%,12,105,1,67%,2007
1274,B.Patrick,ARI,5,-1.8%,12,90,2,58%,2007
1275,A.Fasano,DAL,5,-3.8%,21,133,1,67%,2007
1276,J.Putzier,HOU,-3,-12.7%,10,47,1,60%,2007
1277,K.Brady,NE,-4,-10.3%,16,90,2,56%,2007
1278,B.Manumaleuna,SD,-5,-12.0%,15,75,1,67%,2007
1279,B.Hartsock,TEN,-6,-11.9%,19,103,0,63%,2007
1280,T.Bienemann,ARI,-13,-23.5%,11,38,1,64%,2007
1281,J.Kleinsasser,MIN,-14,-27.7%,10,28,1,40%,2007
1282,M.Schobel,PHI,-18,-19.4%,21,88,1,52%,2007
1283,B.Troupe,TEN,-30,-47.7%,10,-3,0,60%,2007
1284,S.Heiden,CLE,-34,-33.6%,21,35,0,57%,2007
1285,D.Wilcox,BAL,-43,-59.7%,11,-25,1,55%,2007
1286,M.Matthews,NYG,-47,-60.2%,13,-28,0,46%,2007
1287,T.Gonzalez,KC,242,16.3%,155,"1,389",10,62%,2008
1288,V.Shiancoe,MIN,226,51.4%,59,816,7,71%,2008
1289,J.Witten,DAL,201,18.7%,120,"1,090",4,68%,2008
1290,D.Clark,IND,164,15.1%,107,974,6,72%,2008
1291,O.Daniels,HOU,162,16.6%,99,925,2,71%,2008
1292,B.Miller,NO,150,28.8%,62,676,1,73%,2008
1293,A.Fasano,MIA,139,30.4%,53,615,7,64%,2008
1294,J.Carlson,SEA,137,17.9%,80,755,5,69%,2008
1295,A.Gates,SD,136,14.9%,92,813,8,65%,2008
1296,D.Martin,MIA,127,35.9%,45,524,3,69%,2008
1297,T.Scheffler,DEN,113,19.5%,62,599,3,66%,2008
1298,M.Bennett,DAL,107,56.3%,27,375,4,74%,2008
1299,H.Miller,PIT,99,16.8%,66,563,3,73%,2008
1300,K.Boss,NYG,90,16.4%,55,517,6,60%,2008
1301,C.Cooley,WAS,82,4.3%,111,774,1,75%,2008
1302,B.Celek,PHI,79,22.5%,38,395,1,71%,2008
1303,Z.Miller,OAK,78,6.7%,86,640,1,65%,2008
1304,T.Heap,BAL,49,4.2%,64,463,3,55%,2008
1305,A.Smith,TB,41,8.5%,38,308,3,55%,2008
1306,D.Graham,DEN,34,2.6%,50,365,4,64%,2008
1307,D.Keller,NYJ,33,-1.6%,78,559,3,62%,2008
1308,G.Olsen,CHI,27,-2.5%,82,531,5,66%,2008
1309,B.Scaife,TEN,21,-3.6%,84,514,2,69%,2008
1310,M.Lewis,JAC,16,-4.0%,73,428,2,56%,2008
1311,J.Shockey,NO,15,-4.2%,72,443,0,69%,2008
1312,D.Lee,GB,15,-2.6%,50,301,5,78%,2008
1313,C.Baker,NYJ,14,-0.2%,30,201,0,70%,2008
1314,D.Rosario,CAR,12,-1.6%,31,204,1,58%,2008
1315,A.Crumpler,TEN,-8,-10.4%,41,199,1,59%,2008
1316,J.King,CAR,-8,-11.1%,34,162,1,62%,2008
1317,J.Stevens,TB,-16,-11.5%,59,293,2,61%,2008
1318,M.Spaeth,PIT,-18,-17.8%,26,104,0,65%,2008
1319,M.Gaines,DET,-20,-15.3%,36,162,1,64%,2008
1320,S.Heiden,CLE,-21,-14.7%,42,190,0,55%,2008
1321,K.Winslow,CLE,-31,-13.1%,83,382,3,52%,2008
1322,L.J.Smith,PHI,-38,-15.9%,64,287,3,58%,2008
1323,R.Kelly,CIN,-60,-30.1%,42,90,0,74%,2008
1324,V.Davis,SF,-62,-27.1%,49,129,2,63%,2008
1325,C.FitzSimmons,DET,-68,-42.9%,28,12,1,43%,2008
1326,B.Utecht,CIN,-74,-47.4%,28,-6,0,57%,2008
1327,B.Watson,NE,-80,-31.6%,47,102,2,47%,2008
1328,R.Royal,BUF,-108,-36.5%,57,76,1,58%,2008
1329,D.Clark,CHI,-117,-30.2%,73,174,1,56%,2008
1330,M.Campbell,NO,42,25.9%,16,199,2,75%,2008
1331,T.Humphrey,GB,35,23.2%,16,171,0,69%,2008
1332,B.Manumaleuna,SD,26,13.6%,19,163,2,79%,2008
1333,J.Gilmore,TB,26,10.4%,21,180,1,71%,2008
1334,J.Peelle,ATL,24,7.1%,23,191,2,65%,2008
1335,D.Fine,BUF,22,18.7%,12,118,1,83%,2008
1336,D.Fells,STL,10,6.5%,11,86,0,64%,2008
1337,D.Schouman,BUF,10,0.0%,20,134,1,75%,2008
1338,R.McMichael,STL,7,-1.3%,21,117,0,52%,2008
1339,G.Mills,MIN,6,1.5%,11,68,0,45%,2008
1340,G.Estandia,JAC,3,-4.3%,15,101,0,67%,2008
1341,J.Kleinsasser,MIN,3,-3.4%,13,74,0,46%,2008
1342,T.Stewart,OAK,-1,-8.5%,15,83,0,73%,2008
1343,G.Robinson,IND,-2,-8.4%,24,120,0,79%,2008
1344,D.Walker,SF,-2,-8.8%,16,87,1,63%,2008
1345,T.Santi,IND,-3,-11.6%,13,60,1,77%,2008
1346,B.Patrick,ARI,-4,-10.6%,18,99,0,61%,2008
1347,T.Yoder,WAS,-5,-15.2%,10,45,1,80%,2008
1348,B.Cottam,KC,-8,-18.8%,11,40,0,64%,2008
1349,J.Owens,DET,-12,-21.1%,12,47,1,67%,2008
1350,R.Angulo,JAC,-12,-23.6%,11,36,0,73%,2008
1351,D.Dinkins,CLE,-13,-27.3%,11,27,1,45%,2008
1352,L.Pope,ARI,-17,-26.3%,13,37,0,69%,2008
1353,J.Finley,GB,-17,-25.3%,12,42,1,50%,2008
1354,D.Thomas,NE,-19,-23.8%,17,55,0,53%,2008
1355,N.Jackson,DEN,-23,-26.3%,17,52,1,65%,2008
1356,A.Becht,STL,-25,-41.3%,11,7,0,55%,2008
1357,J.Dreessen,HOU,-32,-35.8%,17,25,0,65%,2008
1358,F.Davis,WAS,-32,-54.5%,10,-13,0,30%,2008
1359,T.Curtis,DAL,-34,-52.7%,12,-11,0,67%,2008
1360,B.Franks,NYJ,-37,-55.0%,12,-16,0,50%,2008
1361,J.Klopfenstein,STL,-41,-40.8%,19,13,0,58%,2008
1362,D.Coats,CIN,-46,-68.3%,10,-37,0,20%,2008
1363,A.Gates,SD,336,35.6%,114,"1,392",8,69%,2009
1364,V.Shiancoe,MIN,210,30.8%,79,924,11,71%,2009
1365,D.Clark,IND,204,15.9%,133,"1,188",10,75%,2009
1366,J.Witten,DAL,198,17.8%,124,"1,095",2,76%,2009
1367,B.Celek,PHI,169,15.5%,112,992,8,68%,2009
1368,J.Finley,GB,164,25.6%,72,778,5,76%,2009
1369,B.Watson,NE,157,47.8%,41,581,5,71%,2009
1370,T.Heap,BAL,151,23.5%,75,743,6,71%,2009
1371,T.Gonzalez,ATL,150,9.4%,134,"1,086",6,62%,2009
1372,H.Miller,PIT,142,14.9%,98,850,6,78%,2009
1373,O.Daniels,HOU,130,26.3%,58,607,5,69%,2009
1374,K.Winslow,TB,121,7.7%,127,942,5,61%,2009
1375,J.Shockey,NO,109,17.3%,67,610,3,72%,2009
1376,V.Davis,SF,91,3.9%,129,885,13,60%,2009
1377,T.Scheffler,DEN,84,17.2%,50,474,2,62%,2009
1378,F.Davis,WAS,76,8.1%,76,582,6,63%,2009
1379,K.Boss,NYG,76,9.7%,69,542,5,61%,2009
1380,Z.Miller,OAK,56,1.7%,99,649,3,67%,2009
1381,J.Dreessen,HOU,35,5.4%,39,311,1,67%,2009
1382,M.Lewis,JAC,34,1.7%,59,394,2,54%,2009
1383,D.Thomas,NO,31,1.9%,48,355,1,73%,2009
1384,Z.Miller,JAC,25,5.7%,27,213,2,78%,2009
1385,D.Fells,STL,22,1.9%,35,256,3,60%,2009
1386,J.King,CAR,13,-1.6%,33,221,3,76%,2009
1387,J.Carlson,SEA,11,-5.3%,83,498,7,61%,2009
1388,J.P.Foschi,CIN,10,-2.4%,37,199,2,73%,2009
1389,C.Cooley,WAS,10,-3.6%,45,252,2,64%,2009
1390,D.Graham,DEN,7,-4.7%,43,237,1,65%,2009
1391,D.Rosario,CAR,5,-5.6%,48,267,2,54%,2009
1392,W.Heller,DET,-7,-9.3%,50,260,3,58%,2009
1393,D.Keller,NYJ,-7,-8.7%,81,422,2,56%,2009
1394,A.Crumpler,TEN,-14,-12.9%,37,183,1,73%,2009
1395,R.Royal,CLE,-16,-17.2%,26,101,1,42%,2009
1396,S.Ryan,KC,-23,-21.3%,27,89,2,52%,2009
1397,B.Pettigrew,DET,-29,-15.6%,54,231,2,56%,2009
1398,C.FitzSimmons,DET,-32,-25.8%,27,76,0,67%,2009
1399,D.Walker,SF,-33,-21.7%,33,120,0,64%,2009
1400,L.Pope,KC,-38,-27.6%,30,74,1,67%,2009
1401,A.Fasano,MIA,-40,-18.2%,53,220,2,58%,2009
1402,G.Olsen,CHI,-41,-12.6%,108,557,8,56%,2009
1403,M.Bennett,DAL,-41,-29.0%,30,69,0,50%,2009
1404,B.Scaife,TEN,-43,-16.7%,70,289,1,64%,2009
1405,R.McMichael,STL,-52,-19.9%,62,231,1,55%,2009
1406,J.Stevens,TB,-54,-33.4%,32,57,1,47%,2009
1407,D.Clark,CHI,-59,-31.5%,34,77,2,56%,2009
1408,J.Haynos,MIA,-64,-30.8%,37,89,2,51%,2009
1409,S.Nelson,BUF,-66,-46.5%,29,-2,1,59%,2009
1410,D.Lee,GB,-74,-31.1%,54,100,1,69%,2009
1411,D.Coats,CIN,-89,-54.7%,30,-36,0,53%,2009
1412,S.Havner,GB,59,67.7%,10,195,4,70%,2009
1413,B.Patrick,ARI,34,26.4%,16,161,2,75%,2009
1414,C.Baker,NE,33,20.8%,19,172,2,74%,2009
1415,J.Peelle,ATL,26,13.4%,15,161,2,80%,2009
1416,B.Bajema,STL,21,23.2%,11,102,0,73%,2009
1417,T.Santi,IND,17,13.6%,11,105,0,73%,2009
1418,K.Davis,CHI,17,9.8%,14,119,3,64%,2009
1419,G.Barnidge,CAR,14,4.0%,21,140,0,57%,2009
1420,D.Schouman,BUF,14,12.4%,11,90,0,82%,2009
1421,E.Moore,CLE,0,-7.1%,23,115,0,52%,2009
1422,T.Beckum,NYG,-1,-9.4%,10,49,0,80%,2009
1423,B.Cottam,KC,-2,-9.2%,15,87,0,60%,2009
1424,T.Stewart,OAK,-4,-10.9%,15,76,0,67%,2009
1425,A.Becht,ARI,-7,-14.9%,12,63,1,58%,2009
1426,J.Casey,HOU,-10,-19.9%,12,46,0,50%,2009
1427,J.Cook,TEN,-12,-18.7%,15,63,0,60%,2009
1428,E.Wilford,JAC,-18,-20.1%,21,77,1,52%,2009
1429,S.Spach,ARI,-18,-37.0%,10,12,0,40%,2009
1430,J.Tamme,IND,-18,-36.4%,10,13,0,30%,2009
1431,J.Stupar,BUF,-22,-39.4%,11,10,0,55%,2009
1432,S.Heiden,CLE,-25,-26.8%,17,53,1,59%,2009
1433,G.Estandia,2TM,-34,-45.6%,13,1,0,31%,2009
1434,G.Robinson,IND,-37,-46.8%,15,-2,0,60%,2009
1435,J.Kleinsasser,MIN,-39,-43.7%,16,5,0,63%,2009
1436,D.Fine,BUF,-52,-56.8%,18,-25,0,50%,2009
1437,J.O'Connell,KC,-58,-93.5%,10,-70,0,20%,2009
1438,A.Gates,SD,358,76.3%,65,"1,139",10,77%,2010
1439,R.Gronkowski,NE,243,51.7%,59,875,10,71%,2010
1440,V.Davis,SF,181,23.1%,93,897,7,60%,2010
1441,J.Witten,DAL,173,13.8%,128,"1,071",9,73%,2010
1442,A.Hernandez,NE,144,27.1%,64,667,6,70%,2010
1443,A.Fasano,MIA,136,27.0%,60,632,4,65%,2010
1444,T.Heap,BAL,116,21.5%,64,593,5,63%,2010
1445,J.Dreessen,HOU,110,25.4%,54,522,4,67%,2010
1446,B.Watson,CLE,108,8.9%,103,800,3,67%,2010
1447,K.Winslow,TB,102,9.4%,97,737,5,68%,2010
1448,J.Finley,GB,99,51.8%,26,355,1,81%,2010
1449,M.Lewis,JAC,96,8.5%,88,721,10,66%,2010
1450,J.Tamme,IND,95,8.0%,93,728,4,72%,2010
1451,J.Graham,NO,91,22.6%,43,455,5,72%,2010
1452,F.Davis,WAS,86,34.9%,30,361,3,70%,2010
1453,T.Moeaki,KC,82,10.4%,72,568,3,65%,2010
1454,E.Moore,CLE,78,38.4%,26,314,1,62%,2010
1455,R.McMichael,SD,61,26.5%,27,285,2,74%,2010
1456,J.Cook,TEN,59,14.9%,45,351,1,64%,2010
1457,B.Pettigrew,DET,58,0.9%,111,716,4,64%,2010
1458,T.Gonzalez,ATL,52,-0.4%,109,756,6,64%,2010
1459,J.Shockey,NO,46,4.1%,59,442,3,69%,2010
1460,Z.Miller,OAK,42,-0.3%,92,596,5,65%,2010
1461,Z.Miller,JAC,35,13.5%,26,216,1,77%,2010
1462,D.Clark,IND,31,1.3%,53,375,3,70%,2010
1463,O.Daniels,HOU,24,-2.0%,68,436,2,56%,2010
1464,D.Keller,NYJ,17,-4.7%,100,599,5,55%,2010
1465,H.Miller,PIT,15,-3.7%,67,397,2,63%,2010
1466,D.Walker,SF,12,-3.4%,46,288,0,65%,2010
1467,A.Quarless,GB,2,-6.6%,33,197,1,64%,2010
1468,D.Fells,STL,-1,-7.5%,65,345,2,63%,2010
1469,K.Boss,NYG,-8,-8.9%,70,376,5,50%,2010
1470,V.Shiancoe,MIN,-8,-8.8%,79,415,2,59%,2010
1471,B.Scaife,TEN,-21,-13.2%,52,256,4,69%,2010
1472,B.Celek,PHI,-25,-11.9%,79,395,4,53%,2010
1473,J.King,CAR,-29,-20.5%,31,122,2,61%,2010
1474,C.Cooley,WAS,-34,-11.6%,126,601,3,61%,2010
1475,D.Thomas,NO,-43,-21.0%,46,171,2,65%,2010
1476,T.Scheffler,DET,-46,-17.4%,72,283,1,63%,2010
1477,G.Olsen,CHI,-57,-19.6%,70,264,5,59%,2010
1478,J.Gresham,CIN,-57,-17.4%,83,352,4,63%,2010
1479,M.Bennett,DAL,-64,-28.6%,47,113,0,70%,2010
1480,D.Rosario,CAR,-81,-29.3%,58,133,0,55%,2010
1481,J.Carlson,SEA,-110,-35.3%,58,91,1,53%,2010
1482,D.Graham,DEN,-139,-63.4%,37,-95,0,49%,2010
1483,J.Gilmore,TB,42,26.5%,18,195,1,72%,2010
1484,J.Peelle,ATL,17,7.6%,15,132,1,67%,2010
1485,D.Lee,GB,16,11.4%,12,110,3,92%,2010
1486,T.Beckum,NYG,13,3.1%,18,130,2,72%,2010
1487,J.Kleinsasser,MIN,12,2.6%,20,133,0,85%,2010
1488,B.Pascoe,NYG,9,4.2%,13,89,0,69%,2010
1489,A.Crumpler,NE,9,5.2%,10,82,2,60%,2010
1490,M.Hoomanawanui,STL,4,-4.6%,22,141,3,59%,2010
1491,J.Stupar,BUF,2,-4.9%,13,65,0,92%,2010
1492,J.Casey,HOU,-5,-13.0%,14,69,0,57%,2010
1493,C.Baker,SEA,-7,-12.0%,19,110,1,47%,2010
1494,B.Bajema,STL,-11,-14.6%,24,107,2,58%,2010
1495,D.Gronkowski,DEN,-13,-23.4%,13,41,0,62%,2010
1496,B.Patrick,ARI,-14,-19.5%,18,64,0,83%,2010
1497,B.Myers,OAK,-14,-20.7%,16,57,0,75%,2010
1498,C.Harbor,PHI,-16,-22.7%,15,52,1,60%,2010
1499,C.Morrah,SEA,-17,-20.8%,18,67,0,50%,2010
1500,R.Royal,CLE,-22,-31.4%,12,28,1,42%,2010
1501,C.Stevens,TEN,-23,-21.7%,23,85,2,48%,2010
1502,M.Spaeth,PIT,-25,-28.8%,18,44,1,50%,2010
1503,L.Pope,KC,-28,-26.8%,19,59,2,53%,2010
1504,E.Dickson,BAL,-31,-29.5%,23,50,1,48%,2010
1505,R.Kelly,CIN,-37,-51.8%,13,-11,0,77%,2010
1506,S.Spach,ARI,-61,-62.3%,17,-39,0,41%,2010
1507,R.Gronkowski,NE,459,45.9%,125,"1,726",18,73%,2011
1508,J.Graham,NO,244,16.6%,149,"1,392",11,66%,2011
1509,A.Gates,SD,231,30.9%,88,"1,011",7,73%,2011
1510,T.Gonzalez,ATL,181,15.6%,116,"1,063",7,69%,2011
1511,J.Finley,GB,163,18.0%,92,900,8,60%,2011
1512,F.Davis,WAS,128,15.0%,88,765,3,67%,2011
1513,J.Ballard,NYG,127,22.5%,61,635,4,62%,2011
1514,O.Daniels,HOU,122,14.3%,85,743,3,64%,2011
1515,J.Dreessen,HOU,119,40.5%,39,468,6,72%,2011
1516,S.Chandler,BUF,113,27.0%,46,522,6,83%,2011
1517,A.Hernandez,NE,107,6.0%,113,917,7,70%,2011
1518,J.Witten,DAL,102,5.6%,117,891,5,68%,2011
1519,J.Cook,TEN,100,12.1%,81,654,3,60%,2011
1520,H.Miller,PIT,99,13.2%,76,624,2,68%,2011
1521,A.Fasano,MIA,84,16.5%,54,482,5,59%,2011
1522,D.Pitta,BAL,72,12.2%,56,467,3,71%,2011
1523,K.Boss,OAK,72,22.3%,39,360,3,72%,2011
1524,V.Davis,SF,70,3.9%,95,685,6,71%,2011
1525,B.Celek,PHI,70,3.7%,97,689,5,64%,2011
1526,T.Scheffler,DET,66,14.5%,43,396,6,60%,2011
1527,E.Moore,CLE,59,11.3%,47,393,4,72%,2011
1528,J.King,ARI,53,14.6%,34,318,3,79%,2011
1529,J.Shockey,CAR,36,1.6%,62,423,4,60%,2011
1530,E.Dickson,BAL,31,-1.7%,89,536,5,61%,2011
1531,L.Pope,KC,19,0.9%,33,241,1,73%,2011
1532,K.Davis,CHI,10,-2.9%,35,225,5,51%,2011
1533,K.Rudolph,MIN,7,-4.6%,39,252,3,67%,2011
1534,D.Fells,DEN,4,-5.3%,31,174,3,61%,2011
1535,A.Smith,CLE,-1,-7.6%,25,141,1,56%,2011
1536,T.Heap,ARI,-3,-8.7%,36,197,1,67%,2011
1537,J.Gresham,CIN,-8,-8.5%,92,488,6,61%,2011
1538,D.Keller,NYJ,-11,-8.7%,115,632,5,57%,2011
1539,R.McMichael,SD,-19,-14.1%,44,194,0,68%,2011
1540,M.Bennett,DAL,-27,-23.7%,26,79,0,65%,2011
1541,D.Walker,SF,-27,-19.5%,36,129,3,56%,2011
1542,J.Tamme,IND,-29,-20.8%,31,115,1,61%,2011
1543,G.Olsen,CAR,-38,-13.9%,89,402,5,51%,2011
1544,B.Pettigrew,DET,-43,-12.6%,126,586,5,66%,2011
1545,B.Watson,CLE,-47,-17.3%,71,288,2,52%,2011
1546,R.Housler,ARI,-47,-39.7%,26,19,0,46%,2011
1547,Z.Miller,SEA,-49,-25.4%,44,119,0,57%,2011
1548,K.Winslow,TB,-52,-13.6%,120,568,2,63%,2011
1549,V.Shiancoe,MIN,-52,-18.0%,71,293,3,51%,2011
1550,B.Myers,OAK,-52,-35.1%,27,44,0,59%,2011
1551,L.Kendricks,STL,-72,-27.2%,58,145,0,48%,2011
1552,D.Clark,IND,-84,-25.5%,65,205,2,52%,2011
1553,M.Lewis,JAC,-162,-35.7%,85,127,0,46%,2011
1554,J.Casey,HOU,66,33.3%,24,279,1,75%,2011
1555,C.Stevens,TEN,35,31.7%,14,153,1,64%,2011
1556,C.Harbor,PHI,30,16.5%,19,172,1,68%,2011
1557,B.Pascoe,NYG,21,12.7%,16,136,0,75%,2011
1558,D.Johnson,PIT,16,8.9%,14,118,1,86%,2011
1559,D.Lee,CIN,15,9.3%,13,108,0,85%,2011
1560,D.Rosario,DEN,12,10.1%,11,82,0,64%,2011
1561,M.Spaeth,CHI,5,-0.3%,11,76,2,64%,2011
1562,L.Paulsen,WAS,3,-4.9%,19,111,0,58%,2011
1563,J.Phillips,DAL,-6,-11.8%,18,91,1,83%,2011
1564,B.Eldridge,IND,-12,-24.1%,10,33,0,90%,2011
1565,T.Beckum,NYG,-15,-28.5%,10,27,1,50%,2011
1566,L.Stocker,TB,-16,-21.1%,17,63,0,71%,2011
1567,B.Bajema,STL,-19,-28.7%,14,33,0,64%,2011
1568,C.Morrah,SEA,-22,-31.8%,13,27,0,46%,2011
1569,J.O'Connell,KC,-22,-34.9%,12,19,0,58%,2011
1570,M.Palmer,ATL,-23,-28.8%,16,40,1,63%,2011
1571,M.Hoomanawanui,STL,-25,-35.4%,13,20,0,54%,2011
1572,C.Cooley,WAS,-25,-36.4%,13,18,0,62%,2011
1573,W.Heller,DET,-32,-43.4%,12,5,0,50%,2011
1574,D.Thomas,NO,-40,-78.5%,9,-40,0,56%,2011
1575,A.McCoy,SEA,-41,-32.7%,24,46,0,54%,2011
1576,J.Cameron,CLE,-43,-52.9%,13,-14,0,46%,2011
1577,R.Gronkowski,NE,271,41.2%,80,"1,060",11,69%,2012
1578,T.Gonzalez,ATL,244,20.6%,124,"1,270",8,75%,2012
1579,H.Miller,PIT,188,21.0%,101,971,8,70%,2012
1580,J.Witten,DAL,169,10.0%,149,"1,194",3,74%,2012
1581,G.Olsen,CAR,138,13.6%,104,858,5,66%,2012
1582,B.Myers,OAK,119,10.7%,105,814,4,75%,2012
1583,V.Davis,SF,104,17.5%,61,582,5,67%,2012
1584,D.Allen,IND,96,14.8%,66,576,3,68%,2012
1585,J.Graham,NO,96,2.7%,135,"1,020",9,63%,2012
1586,J.Finley,GB,84,7.0%,87,677,2,70%,2012
1587,D.Keller,NYJ,82,26.4%,36,384,2,78%,2012
1588,L.Kendricks,STL,81,13.0%,64,511,4,66%,2012
1589,A.McCoy,SEA,80,35.5%,28,330,3,64%,2012
1590,M.Bennett,NYG,72,4.6%,90,665,5,61%,2012
1591,L.Paulsen,WAS,68,23.8%,36,335,1,69%,2012
1592,D.Pitta,BAL,68,4.3%,94,643,7,65%,2012
1593,A.Gates,SD,64,4.6%,80,596,7,61%,2012
1594,J.Gresham,CIN,64,3.2%,94,656,5,68%,2012
1595,J.Casey,HOU,60,13.1%,44,379,3,77%,2012
1596,F.Davis,WAS,58,21.6%,32,293,0,75%,2012
1597,Z.Miller,SEA,54,8.1%,53,416,3,72%,2012
1598,O.Daniels,HOU,54,0.6%,104,690,6,60%,2012
1599,T.Moeaki,KC,52,7.1%,56,415,1,59%,2012
1600,A.Hernandez,NE,50,1.6%,83,581,5,61%,2012
1601,S.Chandler,BUF,43,1.2%,74,517,6,58%,2012
1602,G.Graham,HOU,38,6.8%,40,308,3,70%,2012
1603,M.Lewis,JAC,36,0.0%,77,497,4,68%,2012
1604,K.Rudolph,MIN,25,-3.4%,94,601,9,56%,2012
1605,J.Dreessen,DEN,25,-1.2%,58,398,5,71%,2012
1606,J.Cook,TEN,17,-3.7%,72,449,4,61%,2012
1607,C.Stevens,TEN,16,0.8%,33,206,1,70%,2012
1608,C.Fleener,IND,12,-3.6%,48,311,2,54%,2012
1609,D.Walker,SF,11,-2.8%,39,239,3,54%,2012
1610,J.Tamme,DEN,8,-5.9%,84,493,2,62%,2012
1611,E.Dickson,BAL,3,-5.8%,33,192,0,64%,2012
1612,J.Cumberland,NYJ,-4,-8.5%,53,281,3,55%,2012
1613,J.Cameron,CLE,-17,-13.5%,40,191,1,50%,2012
1614,C.Clay,MIA,-19,-16.0%,33,139,2,55%,2012
1615,B.Watson,CLE,-29,-12.8%,81,385,3,60%,2012
1616,B.Celek,PHI,-31,-12.8%,87,402,1,66%,2012
1617,L.Stocker,TB,-36,-26.4%,28,79,1,57%,2012
1618,D.Clark,TB,-36,-14.5%,75,340,4,63%,2012
1619,J.King,ARI,-41,-28.6%,29,71,0,59%,2012
1620,R.Housler,ARI,-41,-17.0%,68,265,0,66%,2012
1621,T.Scheffler,DET,-50,-16.2%,85,360,1,49%,2012
1622,K.Davis,CHI,-52,-26.0%,44,119,2,43%,2012
1623,A.Fasano,MIA,-55,-19.4%,69,263,5,59%,2012
1624,C.Harbor,PHI,-77,-37.2%,39,48,2,64%,2012
1625,B.Pettigrew,DET,-122,-25.3%,102,302,3,58%,2012
1626,T.Crabtree,GB,69,76.8%,12,221,3,67%,2012
1627,D.Thomas,NO,31,18.0%,17,171,4,65%,2012
1628,O.Charles,CIN,23,28.1%,10,106,0,80%,2012
1629,M.Mulligan,STL,22,19.6%,12,117,1,67%,2012
1630,W.Heller,DET,17,3.8%,23,168,1,74%,2012
1631,D.Fells,NE,15,16.8%,9,86,0,44%,2012
1632,J.Phillips,DAL,7,2.0%,10,73,1,80%,2012
1633,J.Hanna,DAL,5,-1.5%,11,81,0,73%,2012
1634,N.Paul,WAS,3,-3.9%,15,91,1,53%,2012
1635,T.Heap,ARI,-1,-8.3%,13,64,0,62%,2012
1636,D.Ausberry,OAK,-1,-8.8%,12,65,0,58%,2012
1637,K.Reuland,NYJ,-4,-10.8%,16,79,0,69%,2012
1638,D.Dickerson,BUF,-5,-12.4%,15,68,0,60%,2012
1639,D.Rosario,SD,-14,-18.3%,18,78,3,56%,2012
1640,M.Spaeth,CHI,-17,-33.7%,10,17,1,60%,2012
1641,S.Maneri,KC,-30,-42.5%,12,6,0,42%,2012
1642,D.J.Williams,GB,-32,-40.8%,15,10,0,47%,2012
1643,T.Thompson,TEN,-34,-53.3%,13,-12,0,46%,2012
1644,D.Paulson,PIT,-43,-65.2%,11,-31,0,64%,2012
1645,J.Carlson,MIN,-44,-49.6%,14,-8,0,57%,2012
1646,R.McMichael,SD,-49,-66.5%,13,-37,0,69%,2012
1647,A.Smith,CLE,-79,-72.6%,18,-70,0,72%,2012
1648,J.Graham,NO,223,15.7%,143,"1,302",16,60%,2013
1649,J.Thomas,DEN,214,27.0%,90,989,12,72%,2013
1650,V.Davis,SF,199,29.3%,84,890,13,62%,2013
1651,T.Gonzalez,ATL,135,8.7%,121,"1,005",8,69%,2013
1652,J.Witten,DAL,134,11.2%,111,904,8,66%,2013
1653,T.Wright,TB,133,21.8%,75,674,5,72%,2013
1654,L.Green,SD,113,45.3%,30,428,3,57%,2013
1655,J.Cumberland,NYJ,112,38.0%,39,454,4,67%,2013
1656,J.Cameron,CLE,99,5.6%,118,865,7,68%,2013
1657,J.Reed,WAS,98,19.5%,60,524,3,75%,2013
1658,R.Gronkowski,NE,91,12.9%,66,577,4,59%,2013
1659,B.Celek,PHI,89,18.3%,51,487,6,63%,2013
1660,C.Clay,MIA,88,6.0%,102,755,6,68%,2013
1661,G.Olsen,CAR,83,3.8%,111,813,6,66%,2013
1662,J.Finley,GB,68,25.8%,34,320,3,74%,2013
1663,M.Bennett,CHI,65,3.4%,94,660,5,69%,2013
1664,J.Fauria,DET,64,24.2%,30,309,7,60%,2013
1665,A.Gates,SD,63,0.7%,113,807,4,68%,2013
1666,M.Rivera,OAK,60,8.1%,60,460,4,63%,2013
1667,Z.Ertz,PHI,60,9.8%,56,425,4,64%,2013
1668,J.Cook,STL,58,2.8%,86,608,5,59%,2013
1669,J.Tamme,DEN,56,23.7%,25,274,1,80%,2013
1670,K.Winslow,NYJ,52,9.9%,47,371,2,66%,2013
1671,L.Willson,SEA,48,18.2%,28,266,1,71%,2013
1672,D.Walker,TEN,38,-0.7%,86,570,6,70%,2013
1673,R.Griffin,HOU,38,13.9%,28,234,1,68%,2013
1674,R.Housler,ARI,32,0.8%,57,406,1,68%,2013
1675,S.Chandler,BUF,32,-1.3%,81,518,2,65%,2013
1676,H.Miller,PIT,23,-2.8%,78,493,1,74%,2013
1677,Z.Miller,SEA,22,-1.0%,56,342,5,59%,2013
1678,B.Watson,NO,22,2.5%,30,234,2,63%,2013
1679,S.McGrath,KC,21,1.0%,40,263,2,65%,2013
1680,J.Dray,ARI,21,2.3%,32,233,2,81%,2013
1681,C.Harbor,JAC,18,0.4%,35,237,2,69%,2013
1682,O.Daniels,HOU,14,-2.4%,41,270,3,59%,2013
1683,B.Myers,NYG,7,-5.9%,75,438,4,63%,2013
1684,D.Pitta,BAL,6,-4.6%,33,206,1,61%,2013
1685,L.Kendricks,STL,3,-6.4%,46,265,4,70%,2013
1686,M.Lewis,JAC,-3,-8.1%,47,272,4,53%,2013
1687,D.Clark,BAL,-8,-9.7%,52,274,3,60%,2013
1688,E.Dickson,BAL,-10,-10.8%,43,217,1,58%,2013
1689,A.Fasano,KC,-12,-12.7%,33,165,3,70%,2013
1690,K.Rudolph,MIN,-21,-13.9%,46,216,3,65%,2013
1691,J.Carlson,MIN,-24,-14.6%,47,221,1,68%,2013
1692,C.Fleener,IND,-24,-11.3%,87,454,4,60%,2013
1693,A.Quarless,GB,-25,-14.4%,53,246,2,60%,2013
1694,T.Eifert,CIN,-27,-14.0%,59,282,2,66%,2013
1695,B.Pettigrew,DET,-37,-16.6%,63,253,2,65%,2013
1696,J.Gresham,CIN,-47,-18.5%,67,249,4,69%,2013
1697,G.Graham,HOU,-84,-21.3%,89,322,5,55%,2013
1698,L.Paulsen,WAS,-96,-36.4%,50,69,3,56%,2013
1699,G.Escobar,DAL,30,24.8%,15,145,2,60%,2013
1700,C.Harkey,STL,13,2.2%,18,142,2,72%,2013
1701,C.Ford,MIN,6,-1.2%,16,104,0,69%,2013
1702,M.Hoomanawanui,NE,3,-4.4%,19,103,1,63%,2013
1703,R.Ellison,MIN,3,-3.1%,10,68,1,50%,2013
1704,B.Bostick,GB,-3,-11.0%,14,68,1,50%,2013
1705,G.Barnidge,CLE,-4,-10.7%,18,98,2,72%,2013
1706,J.Hill,NO,-6,-14.7%,10,53,1,60%,2013
1707,M.Egnew,MIA,-9,-21.2%,11,35,0,64%,2013
1708,Z.Sudfeld,2TM,-10,-20.1%,10,42,0,50%,2013
1709,D.Sims,MIA,-12,-22.0%,10,43,1,60%,2013
1710,D.Paulson,PIT,-15,-28.9%,10,26,0,60%,2013
1711,J.Mastrud,OAK,-16,-24.9%,13,41,0,46%,2013
1712,T.Scheffler,DET,-16,-26.9%,12,34,0,58%,2013
1713,W.Saunders,IND,-17,-27.6%,11,33,0,36%,2013
1714,L.Toilolo,ATL,-19,-22.4%,14,63,2,79%,2013
1715,J.Hanna,DAL,-19,-28.3%,15,35,0,80%,2013
1716,V.McDonald,SF,-20,-23.8%,19,59,0,42%,2013
1717,F.Davis,WAS,-43,-41.5%,18,12,1,39%,2013
1718,V.Green,DEN,-44,-61.0%,12,-27,0,75%,2013
1719,B.Pascoe,NYG,-54,-52.0%,20,-16,0,60%,2013
1720,R.Gronkowski,NE,237,19.7%,131,"1,254",12,63%,2014
1721,A.Gates,SD,204,24.1%,98,993,12,70%,2014
1722,G.Olsen,CAR,178,14.7%,123,"1,071",6,68%,2014
1723,T.Kelce,KC,174,23.0%,87,862,5,77%,2014
1724,J.Witten,DAL,146,17.9%,90,803,5,71%,2014
1725,J.Thomas,DEN,140,24.7%,62,675,12,69%,2014
1726,H.Miller,PIT,127,13.5%,91,792,3,73%,2014
1727,Z.Ertz,PHI,127,13.3%,89,796,3,65%,2014
1728,J.Graham,NO,124,6.8%,124,"1,009",10,69%,2014
1729,C.Fleener,IND,112,10.1%,92,788,8,55%,2014
1730,N.Paul,WAS,110,24.4%,52,534,1,75%,2014
1731,D.Allen,IND,104,22.7%,50,519,8,58%,2014
1732,T.Wright,NE,89,30.9%,33,391,6,79%,2014
1733,M.Bennett,CHI,88,3.0%,128,915,6,70%,2014
1734,L.Kendricks,STL,51,11.8%,38,335,5,71%,2014
1735,O.Daniels,BAL,49,2.2%,79,545,4,61%,2014
1736,D.Sims,MIA,42,11.1%,36,287,2,67%,2014
1737,L.Green,SD,41,15.9%,25,238,0,76%,2014
1738,C.Ford,MIN,32,6.8%,35,260,1,66%,2014
1739,R.Ellison,MIN,31,10.0%,26,216,1,73%,2014
1740,J.Dray,CLE,26,6.6%,28,212,1,61%,2014
1741,A.Quarless,GB,24,-0.1%,46,331,3,63%,2014
1742,A.Fasano,KC,23,2.0%,36,262,4,69%,2014
1743,L.Willson,SEA,20,0.6%,40,255,3,55%,2014
1744,K.Rudolph,MIN,17,0.0%,34,232,2,71%,2014
1745,S.Chandler,BUF,17,-3.6%,70,424,3,67%,2014
1746,G.Graham,HOU,17,2.3%,28,183,1,64%,2014
1747,D.Walker,TEN,12,-5.6%,106,590,4,59%,2014
1748,G.Barnidge,CLE,10,-0.3%,25,143,0,52%,2014
1749,C.Harbor,JAC,5,-4.8%,35,197,1,74%,2014
1750,C.Clay,MIA,2,-6.9%,84,481,3,69%,2014
1751,J.Amaro,NYJ,1,-7.0%,53,290,2,72%,2014
1752,M.Lewis,JAC,-5,-9.8%,31,159,2,58%,2014
1753,R.Rodgers,GB,-8,-10.9%,30,168,2,67%,2014
1754,J.Reed,WAS,-15,-10.8%,65,323,0,77%,2014
1755,L.Donnell,NYG,-18,-10.2%,92,481,6,68%,2014
1756,B.Myers,TB,-23,-18.5%,32,122,0,69%,2014
1757,A.Seferian-Jenkins,TB,-29,-18.7%,38,148,2,55%,2014
1758,B.Watson,NO,-29,-21.3%,31,109,2,65%,2014
1759,J.Cameron,CLE,-34,-17.5%,48,204,2,50%,2014
1760,J.Cook,STL,-39,-13.4%,99,456,3,53%,2014
1761,J.Carlson,ARI,-43,-20.0%,55,192,1,60%,2014
1762,B.Celek,PHI,-49,-20.8%,51,196,1,63%,2014
1763,E.Ebron,DET,-65,-28.6%,47,115,1,53%,2014
1764,V.Davis,SF,-66,-28.4%,51,119,2,51%,2014
1765,J.Cumberland,NYJ,-66,-29.3%,47,109,3,49%,2014
1766,J.Tamme,DEN,-67,-42.8%,28,13,2,50%,2014
1767,J.Gresham,CIN,-73,-21.9%,79,262,5,78%,2014
1768,M.Rivera,OAK,-97,-22.6%,99,322,4,59%,2014
1769,L.Toilolo,ATL,-115,-37.5%,53,69,2,58%,2014
1770,Dan.Fells,NYG,75,42.9%,20,288,4,80%,2014
1771,J.Hill,NO,57,32.0%,20,246,5,70%,2014
1772,M.Gray,2TM,52,55.0%,11,185,0,82%,2014
1773,G.Escobar,DAL,45,37.1%,13,184,4,69%,2014
1774,C.Helfet,SEA,25,10.2%,24,177,2,50%,2014
1775,C.Gillmore,BAL,20,11.2%,15,133,1,67%,2014
1776,T.Moeaki,SEA,14,9.8%,13,101,1,62%,2014
1777,R.Housler,ARI,8,0.2%,17,113,0,53%,2014
1778,D.Pitta,BAL,5,-3.5%,21,128,0,76%,2014
1779,R.Griffin,HOU,5,-2.7%,16,100,1,63%,2014
1780,J.Doyle,IND,4,-4.6%,22,151,2,82%,2014
1781,E.Dickson,CAR,3,-5.0%,17,103,1,59%,2014
1782,C.Gragg,BUF,-1,-8.4%,10,57,1,70%,2014
1783,D.Fells,ARI,-2,-10.7%,11,52,0,45%,2014
1784,C.Harkey,STL,-6,-14.6%,11,60,1,73%,2014
1785,R.Hewitt,CIN,-18,-27.2%,15,36,0,67%,2014
1786,B.Pettigrew,DET,-21,-31.3%,15,28,0,67%,2014
1787,D.Carrier,SF,-22,-30.6%,14,32,0,64%,2014
1788,J.Fauria,DET,-25,-34.1%,12,24,1,50%,2014
1789,L.Stocker,TB,-26,-42.5%,11,5,0,64%,2014
1790,C.Coffman,TEN,-32,-40.5%,14,11,1,43%,2014
1791,L.Paulsen,WAS,-32,-36.5%,16,22,1,81%,2014
1792,D.Rosario,CHI,-32,-31.9%,22,40,0,73%,2014
1793,T.Eifert,CIN,247,42.0%,74,961,13,70%,2015
1794,R.Gronkowski,NE,235,21.0%,120,"1,213",11,60%,2015
1795,G.Barnidge,CLE,218,19.7%,125,"1,153",9,63%,2015
1796,J.Reed,WAS,206,20.1%,114,"1,084",11,76%,2015
1797,D.Walker,TEN,174,13.0%,133,"1,103",6,71%,2015
1798,G.Olsen,CAR,132,8.9%,124,975,7,62%,2015
1799,A.Gates,SD,113,13.1%,85,714,5,66%,2015
1800,J.Graham,SEA,110,14.8%,74,659,2,65%,2015
1801,T.Kelce,KC,110,9.3%,103,798,5,70%,2015
1802,B.Celek,PHI,107,36.8%,35,438,3,77%,2015
1803,Z.Miller,CHI,104,25.6%,46,491,5,74%,2015
1804,C.Gillmore,BAL,95,22.7%,47,476,4,70%,2015
1805,B.Watson,NO,87,4.9%,110,792,6,67%,2015
1806,Dar.Fells,ARI,86,35.8%,28,357,3,75%,2015
1807,C.Brate,TB,81,33.6%,30,345,3,77%,2015
1808,L.Green,SD,78,11.8%,63,511,4,59%,2015
1809,J.Tamme,ATL,68,5.7%,81,585,1,73%,2015
1810,E.Ebron,DET,64,6.5%,70,532,5,67%,2015
1811,Z.Ertz,PHI,56,0.2%,112,757,2,67%,2015
1812,W.Tye,NYG,51,5.1%,62,457,3,68%,2015
1813,H.Miller,PIT,48,1.2%,82,587,2,74%,2015
1814,R.Griffin,HOU,42,11.5%,34,281,2,59%,2015
1815,S.Chandler,NE,39,5.8%,42,339,4,55%,2015
1816,J.Witten,DAL,36,-1.9%,104,647,3,74%,2015
1817,A.Seferian-Jenkins,TB,33,5.0%,39,294,4,54%,2015
1818,A.Fasano,TEN,32,4.0%,42,305,2,62%,2015
1819,L.Willson,SEA,30,10.5%,26,206,1,65%,2015
1820,O.Daniels,DEN,26,-2.1%,77,482,3,60%,2015
1821,G.Celek,SF,25,5.4%,28,222,3,68%,2015
1822,R.Rodgers,GB,21,-3.7%,85,544,8,68%,2015
1823,C.Walford,OAK,10,-4.1%,50,290,3,56%,2015
1824,C.Clay,BUF,6,-6.0%,77,413,3,66%,2015
1825,K.Rudolph,MIN,5,-6.3%,73,432,5,67%,2015
1826,V.Davis,2TM,-6,-8.8%,58,297,0,66%,2015
1827,L.Donnell,NYG,-15,-12.6%,41,201,2,71%,2015
1828,J.Gresham,ARI,-16,-14.0%,32,169,1,56%,2015
1829,L.Kendricks,STL,-17,-13.6%,40,183,2,63%,2015
1830,M.Bennett,CHI,-18,-10.7%,80,414,3,66%,2015
1831,M.Williams,BAL,-23,-14.6%,48,215,1,67%,2015
1832,V.McDonald,SF,-34,-19.2%,46,166,3,65%,2015
1833,E.Dickson,CAR,-35,-26.3%,26,78,2,65%,2015
1834,D.Sims,MIA,-35,-27.7%,25,67,1,72%,2015
1835,J.Hill,NO,-44,-27.9%,30,83,2,53%,2015
1836,B.Bell,SF,-45,-35.1%,25,38,0,60%,2015
1837,D.Allen,IND,-48,-31.4%,29,62,1,55%,2015
1838,C.Fleener,IND,-49,-15.9%,84,374,3,64%,2015
1839,J.Cameron,MIA,-50,-17.9%,70,290,3,50%,2015
1840,M.Rivera,OAK,-51,-25.7%,46,122,1,70%,2015
1841,J.Thomas,JAC,-57,-17.7%,80,335,5,58%,2015
1842,M.Lewis,JAC,-76,-37.0%,37,49,0,43%,2015
1843,J.Cook,STL,-76,-23.5%,75,230,0,52%,2015
1844,V.Green,DEN,66,51.3%,15,239,1,80%,2015
1845,J.Phillips,SD,39,37.9%,11,158,1,91%,2015
1846,T.Kroft,CIN,27,24.9%,15,130,1,73%,2015
1847,J.Perillo,GB,27,22.3%,13,135,1,85%,2015
1848,B.Myers,TB,18,11.2%,17,123,0,71%,2015
1849,C.Coffman,2TM,18,18.8%,11,96,1,73%,2015
1850,D.Carrier,WAS,17,4.9%,22,158,1,77%,2015
1851,C.Harbor,JAC,17,4.9%,20,155,1,70%,2015
1852,R.Hewitt,CIN,15,11.8%,12,99,0,67%,2015
1853,N.Boyle,BAL,6,-3.6%,23,141,0,78%,2015
1854,C.Stevens,TEN,3,-4.7%,16,108,2,75%,2015
1855,C.Gragg,BUF,0,-7.6%,20,103,0,60%,2015
1856,J.Doyle,IND,-1,-7.9%,14,87,1,86%,2015
1857,D.Harris,KC,-1,-8.6%,11,58,1,64%,2015
1858,L.Stocker,TB,-2,-9.2%,13,63,1,69%,2015
1859,L.Smith,OAK,-2,-9.5%,13,61,1,92%,2015
1860,R.Ellison,MIN,-2,-8.6%,19,103,1,58%,2015
1861,J.James,PIT,-5,-13.3%,11,54,1,73%,2015
1862,T.Wright,DET,-9,-15.2%,16,74,2,56%,2015
1863,B.Pettigrew,DET,-11,-18.8%,15,58,1,47%,2015
1864,M.Pruitt,MIN,-17,-23.8%,16,50,0,63%,2015
1865,C.J.Fiedorowicz,HOU,-19,-19.6%,24,90,1,71%,2015
1866,J.Hanna,DAL,-25,-41.6%,14,7,0,64%,2015
1867,L.Toilolo,ATL,-26,-40.7%,12,9,0,58%,2015
1868,M.Hoomanawanui,NO,-28,-31.2%,16,37,3,69%,2015
1869,C.Helfet,SEA,-31,-28.5%,22,56,0,59%,2015
1870,G.Escobar,DAL,-35,-42.8%,13,7,1,62%,2015
1871,J.Cumberland,NYJ,-35,-45.1%,14,2,0,36%,2015
1872,J.Cunningham,NYG,-36,-39.3%,16,16,0,50%,2015
1873,K.Davis,NYJ,-39,-56.7%,11,-19,1,27%,2015
1874,J.Dray,CLE,-41,-43.7%,16,5,0,38%,2015
1875,G.Graham,HOU,-70,-66.4%,19,-53,1,21%,2015
1876,T.Kelce,KC,261,26.0%,117,"1,231",4,73%,2016
1877,J.Graham,SEA,204,25.1%,96,977,6,69%,2016
1878,M.Bennett,NE,197,33.4%,73,836,7,75%,2016
1879,C.Brate,TB,149,20.4%,81,780,8,70%,2016
1880,E.Ebron,DET,149,20.1%,85,784,1,72%,2016
1881,H.Henry,SD,148,33.4%,53,628,8,68%,2016
1882,R.Gronkowski,NE,136,44.5%,38,517,3,66%,2016
1883,G.Olsen,CAR,134,8.3%,129,"1,014",3,62%,2016
1884,J.Doyle,IND,131,18.7%,75,707,5,79%,2016
1885,D.Allen,IND,108,21.8%,52,547,6,67%,2016
1886,A.Hooper,ATL,106,46.8%,27,397,3,70%,2016
1887,D.Walker,TEN,102,8.4%,103,773,7,64%,2016
1888,J.Reed,WAS,102,9.9%,89,719,6,74%,2016
1889,V.Davis,WAS,96,16.8%,59,546,2,75%,2016
1890,G.Barnidge,CLE,89,10.0%,81,624,2,68%,2016
1891,Z.Miller,CHI,85,12.5%,64,547,4,73%,2016
1892,Z.Ertz,PHI,75,3.4%,106,753,4,74%,2016
1893,T.Eifert,CIN,57,9.6%,47,406,5,62%,2016
1894,V.McDonald,SF,41,6.7%,45,335,4,53%,2016
1895,D.Sims,MIA,34,6.3%,35,286,4,74%,2016
1896,J.Tamme,ATL,25,4.7%,31,234,3,71%,2016
1897,M.Rivera,OAK,23,6.4%,25,187,1,72%,2016
1898,C.J.Uzomah,CIN,18,-0.2%,38,258,1,66%,2016
1899,C.Fleener,NO,16,-4.5%,82,501,3,61%,2016
1900,L.Green,PIT,14,-0.4%,34,205,1,53%,2016
1901,C.Walford,OAK,9,-4.7%,52,310,3,63%,2016
1902,C.Clay,BUF,4,-6.5%,87,468,4,66%,2016
1903,A.Gates,SD,4,-6.6%,93,541,7,57%,2016
1904,J.Witten,DAL,0,-7.2%,95,507,3,73%,2016
1905,R.Rodgers,GB,-6,-9.1%,47,253,2,64%,2016
1906,G.Celek,SF,-6,-9.0%,50,281,3,58%,2016
1907,J.Cook,GB,-15,-11.5%,51,261,1,59%,2016
1908,M.Lewis,JAC,-16,-14.8%,30,141,1,67%,2016
1909,K.Rudolph,MIN,-17,-9.1%,132,710,7,63%,2016
1910,V.Green,DEN,-19,-14.8%,37,167,1,59%,2016
1911,J.Thomas,JAC,-23,-13.8%,51,249,4,59%,2016
1912,J.James,PIT,-26,-13.7%,60,285,3,65%,2016
1913,J.Gresham,ARI,-48,-18.7%,61,247,2,61%,2016
1914,D.Harris,KC,-63,-36.9%,31,42,1,55%,2016
1915,C.J.Fiedorowicz,HOU,-67,-18.8%,89,342,4,61%,2016
1916,W.Tye,NYG,-68,-22.2%,70,234,1,69%,2016
1917,L.Kendricks,LARM,-70,-19.7%,87,321,2,57%,2016
1918,R.Griffin,HOU,-77,-22.9%,74,249,2,68%,2016
1919,T.Burton,PHI,-83,-27.9%,60,159,1,62%,2016
1920,D.Pitta,BAL,-96,-19.7%,121,439,2,71%,2016
1921,T.Higbee,LARM,-109,-68.5%,29,-88,1,38%,2016
1922,E.Swoope,IND,85,46.7%,22,319,1,68%,2016
1923,L.Toilolo,ATL,85,57.5%,19,295,2,68%,2016
1924,S.Devalve,CLE,52,57.5%,12,179,2,83%,2016
1925,B.Koyack,JAC,38,16.6%,24,217,1,79%,2016
1926,M.Gray,MIA,37,22.2%,17,187,0,82%,2016
1927,A.Seferian-Jenkins,2TM,32,15.4%,20,191,1,65%,2016
1928,Dar.Fells,ARI,28,14.3%,18,169,1,78%,2016
1929,S.Anderson,HOU,17,8.0%,16,131,1,69%,2016
1930,D.Brown,CHI,15,4.1%,20,148,1,80%,2016
1931,A.Fasano,TEN,13,5.2%,14,119,2,57%,2016
1932,L.Willson,SEA,13,2.5%,21,141,2,71%,2016
1933,J.Cameron,MIA,6,0.6%,11,75,1,73%,2016
1934,E.Dickson,CAR,6,-2.6%,19,116,1,53%,2016
1935,N.Oleary,BUF,5,-1.2%,14,87,0,64%,2016
1936,T.Kroft,CIN,5,0.0%,12,74,0,83%,2016
1937,D.Jones,MIA,3,-2.9%,10,72,1,70%,2016
1938,N.Sterling,JAC,3,-4.5%,16,94,0,75%,2016
1939,J.Heuerman,DEN,2,-5.6%,17,96,0,53%,2016
1940,A.Derby,DEN,1,-6.7%,20,101,0,80%,2016
1941,D.Johnson,PIT,0,-6.7%,11,68,0,64%,2016
1942,J.Phillips,2TM,-1,-8.0%,14,93,1,71%,2016
1943,X.Grimble,PIT,-2,-8.5%,21,115,2,52%,2016
1944,D.Waller,BAL,-10,-15.1%,17,83,2,59%,2016
1945,B.Celek,PHI,-12,-16.7%,19,80,0,74%,2016
1946,B.Bostick,NYJ,-13,-25.2%,11,32,0,73%,2016
1947,J.Adams,NYG,-17,-19.4%,21,79,1,76%,2016
1948,C.Gillmore,BAL,-17,-26.3%,14,38,1,57%,2016
1949,J.Hill,NO,-20,-20.4%,22,85,1,68%,2016
1950,B.Myers,TB,-22,-27.9%,14,41,1,50%,2016
1951,R.Ellison,MIN,-41,-51.9%,14,-12,0,64%,2016
1952,L.Paulsen,CHI,-57,-84.0%,10,-62,0,30%,2016
1953,L.Donnell,NYG,-61,-48.1%,22,-7,1,68%,2016
1954,R.Gronkowski,NE,339,40.4%,105,"1,337",8,66%,2017
1955,T.Kelce,KC,197,17.0%,122,"1,115",8,68%,2017
1956,H.Henry,LACH,165,32.3%,62,710,4,73%,2017
1957,Z.Ertz,PHI,154,14.2%,110,941,8,67%,2017
1958,C.Brate,TB,154,24.7%,77,742,6,62%,2017
1959,C.Fleener,NO,107,50.1%,30,390,2,73%,2017
1960,O.J.Howard,TB,101,32.2%,39,436,6,67%,2017
1961,G.Celek,SF,89,31.5%,33,387,4,64%,2017
1962,K.Rudolph,MIN,88,8.8%,81,654,8,70%,2017
1963,T.Burton,PHI,85,35.0%,31,354,5,74%,2017
1964,E.Dickson,CAR,83,18.1%,48,458,1,63%,2017
1965,N.O'Leary,BUF,73,29.9%,32,323,2,69%,2017
1966,A.Hooper,ATL,71,9.4%,65,510,3,75%,2017
1967,V.Davis,WAS,61,6.7%,69,500,3,62%,2017
1968,R.Ellison,NYG,56,17.7%,32,309,2,75%,2017
1969,G.Kittle,SF,55,5.6%,63,477,2,68%,2017
1970,J.Cook,OAK,53,2.1%,86,593,2,63%,2017
1971,E.Ebron,DET,50,2.0%,86,562,4,62%,2017
1972,D.Fells,DET,48,21.9%,26,242,3,65%,2017
1973,J.Witten,DAL,40,-0.4%,87,572,5,72%,2017
1974,T.Kroft,CIN,35,1.3%,62,424,7,68%,2017
1975,M.Lewis,JAC,27,1.0%,48,333,5,50%,2017
1976,Z.Miller,CHI,24,4.4%,35,223,2,57%,2017
1977,J.Gresham,ARI,22,-0.1%,46,311,2,72%,2017
1978,C.Clay,BUF,22,-2.8%,74,462,2,66%,2017
1979,A.Gates,LACH,13,-3.2%,52,302,3,58%,2017
1980,J.Graham,SEA,9,-6.0%,96,598,10,59%,2017
1981,R.Seals-Jones,ARI,5,-4.6%,28,167,3,43%,2017
1982,M.Bennett,2TM,-1,-7.5%,44,256,0,68%,2017
1983,B.Watson,BAL,-1,-7.5%,79,434,4,77%,2017
1984,J.Doyle,IND,-2,-7.5%,108,573,4,74%,2017
1985,D.Walker,TEN,-3,-7.6%,111,605,3,67%,2017
1986,E.Engram,NYG,-5,-8.0%,115,637,6,56%,2017
1987,R.Griffin,HOU,-6,-11.0%,26,118,1,50%,2017
1988,J.Reed,WAS,-7,-10.1%,35,182,2,77%,2017
1989,T.Higbee,LARM,-9,-10.4%,45,233,1,56%,2017
1990,D.Njoku,CLE,-10,-9.7%,60,326,4,53%,2017
1991,D.Sims,CHI,-12,-14.3%,29,122,1,52%,2017
1992,B.Celek,PHI,-14,-15.6%,24,108,1,54%,2017
1993,S.DeValve,CLE,-15,-11.5%,58,266,1,57%,2017
1994,G.Everett,LARM,-20,-17.0%,32,128,2,50%,2017
1995,S.Anderson,HOU,-22,-14.0%,52,233,1,48%,2017
1996,J.James,PIT,-23,-12.8%,63,303,3,68%,2017
1997,J.Thomas,MIA,-30,-14.6%,62,281,3,66%,2017
1998,N.Boyle,BAL,-32,-19.3%,37,154,0,76%,2017
1999,D.Harris,KC,-37,-23.3%,35,113,1,51%,2017
2000,L.Kendricks,GB,-40,-22.7%,35,129,1,51%,2017
2001,J.Smith,TEN,-44,-30.7%,30,62,2,60%,2017
2002,G.Olsen,CAR,-44,-24.5%,38,120,1,45%,2017
2003,A.J.Derby,2TM,-53,-27.3%,40,106,2,53%,2017
2004,A.Seferian-Jenkins,NYJ,-83,-23.4%,74,252,3,68%,2017
2005,A.Shaheen,CHI,40,26.0%,14,188,3,86%,2017
2006,L.Toilolo,ATL,38,29.6%,14,168,1,86%,2017
2007,E.Tomlinson,NYJ,38,44.1%,11,143,1,73%,2017
2008,N.Vannett,SEA,36,31.0%,15,157,1,80%,2017
2009,R.Rodgers,GB,28,18.8%,19,154,1,63%,2017
2010,D.Morgan,MIN,24,20.3%,12,123,1,83%,2017
2011,J.Heuerman,DEN,20,11.6%,18,131,2,50%,2017
2012,L.Willson,SEA,18,4.7%,22,170,4,68%,2017
2013,J.Adams,NYG,18,17.0%,11,102,0,73%,2017
2014,A.Traylor,DEN,17,9.6%,13,119,0,62%,2017
2015,V.Green,DEN,12,0.8%,22,157,1,64%,2017
2016,D.Brown,CHI,11,2.1%,20,126,0,65%,2017
2017,L.Smith,OAK,9,4.6%,11,85,0,73%,2017
2018,N.Sterling,NYJ,8,4.5%,11,79,0,55%,2017
2019,V.McDonald,PIT,7,-2.4%,24,145,1,58%,2017
2020,C.J.Uzomah,CIN,7,-1.1%,15,104,1,67%,2017
2021,J.O'Shaughnessy,JAC,5,-4.1%,24,148,1,58%,2017
2022,D.Carrier,LARM,5,-0.8%,11,76,0,73%,2017
2023,B.Williams,IND,5,-2.6%,17,96,0,76%,2017
2024,C.J.Fiedorowicz,HOU,-2,-8.6%,22,116,0,64%,2017
2025,T.Niklas,ARI,-7,-11.8%,23,121,1,48%,2017
2026,C.Walford,OAK,-11,-22.2%,13,38,0,69%,2017
2027,M.Hoomanawanui,NO,-13,-23.8%,10,38,1,60%,2017
2028,N.Paul,WAS,-16,-20.1%,19,71,0,68%,2017
2029,A.Fasano,MIA,-21,-27.6%,16,42,1,75%,2017
2030,J.Hollister,NE,-40,-58.0%,11,-21,0,36%,2017
2031,M.Williams,BAL,-43,-43.3%,18,7,1,83%,2017
2032,D.Daniels,IND,-55,-65.3%,13,-40,0,23%,2017
2033,J.Hill,NO,-56,-45.1%,23,3,1,74%,2017
2034,D.Allen,NE,-57,-42.6%,22,11,1,45%,2017
2035,R.Travis,2TM,-57,-59.5%,17,-32,0,41%,2017
