,Player,College,Height,Weight,Hand_size,Arm_length,40_time,Bench,Vert,Broad,Shuttle,Year
0,1987,Lyneal Alston,Southern Mississippi,10.00,,32.0,114,4.52,4.52,4.52,4.52,1987
1,1987,Stephen Baker,Frenso State (CA),8.25,,31.0,116,4.41,4.41,4.41,4.41,1987
2,1987,Roy Banks,Eastern Illinois,9.50,,32.0,114,4.26,4.26,4.26,4.26,1987
3,1987,Albert Bell,Alabama,9.25,,29.5,114,4.50,4.50,4.50,4.50,1987
4,1987,Mark Bellini,Brigham Young,9.00,,,,9.99,9.99,9.99,9.99,1987
5,1987,Alvin Blount,Eastern Kentucky,8.75,,35.0,116,4.17,4.17,4.17,4.17,1987
6,1987,James Brim,Wake Forest,7.75,,32.0,116,4.12,4.12,4.12,4.12,1987
7,1987,Mark Carrier,Nicholls State (LA),9.25,,30.0,114,4.51,4.51,4.51,4.51,1987
8,1987,Robert Clark,North Carolina Central,9.50,,28.5,114,4.58,4.58,4.58,4.58,1987
9,1987,Joey Clinkscales,Tennessee,9.75,,32.5,103,4.43,4.43,4.43,4.43,1987
10,1987,Karl Dorrell,UCLA,9.50,,30.5,112,4.44,4.44,4.44,4.44,1987
11,1987,Curtis Duncan,Northwestern,9.50,,31.0,117,4.56,4.56,4.56,4.56,1987
12,1987,Everett Gay,Texas,10.50,,37.5,123,4.38,4.38,4.38,4.38,1987
13,1987,Thomas Henley,Stanford,8.25,,31.0,108,4.22,4.22,4.22,4.22,1987
14,1987,Bruce Hill,Arizona State,,,30.5,116,4.03,4.03,4.03,4.03,1987
15,1987,Lonzell Hill,Washington,8.75,,31.0,113,4.11,4.11,4.11,4.11,1987
16,1987,Jon Horton,Arizona,,,30.0,116,9.99,9.99,9.99,9.99,1987
17,1987,Mark Ingram,Michigan State,9.00,,32.0,111,4.16,4.16,4.16,4.16,1987
18,1987,Michael James,Washington State,9.75,,35.0,117,4.37,4.37,4.37,4.37,1987
19,1987,Haywood Jeffires,North Carolina State,9.00,,,,9.99,9.99,9.99,9.99,1987
20,1987,Fred Lane,Georgia,9.50,,25.0,109,4.36,4.36,4.36,4.36,1987
21,1987,Gary Lee,Georgia Tech,,,31.5,117,9.99,9.99,9.99,9.99,1987
22,1987,Charles Lockett,Long Beach State (CA),8.75,,33.0,113,4.39,4.39,4.39,4.39,1987
23,1987,Willie Marshall,Temple,,,32.5,120,9.99,9.99,9.99,9.99,1987
24,1987,Kelvin Martin,Boston College,,,29.0,112,4.14,4.14,4.14,4.14,1987
25,1987,Stacey Mobley,Jackson State (MS),,,33.5,115,4.52,4.52,4.52,4.52,1987
26,1987,Ron Morris,Southern Methodist (TX),,,31.5,116,4.29,4.29,4.29,4.29,1987
27,1987,Ricky Nattiel,Florida,,,32.0,116,9.99,9.99,9.99,9.99,1987
28,1987,Frankie Neal,Fort Hays State (KS),,,35.0,120,4.38,4.38,4.38,4.38,1987
29,1987,Calvin Nicholas,Grambling State (LA),,,27.5,117,4.40,4.40,4.40,4.40,1987
30,1987,Keith Paskett,Western Kentucky,,,29.0,111,4.35,4.35,4.35,4.35,1987
31,1987,Craig Richardson,Eastern Washington,,,34.5,119,4.35,4.35,4.35,4.35,1987
32,1987,Greg Richardson,Alabama,,,28.0,113,4.21,4.21,4.21,4.21,1987
33,1987,Scott Schwedes,Syracuse,,,33.5,116,4.16,4.16,4.16,4.16,1987
34,1987,Patrick Scott,Grambling State (LA),,,31.5,116,4.34,4.34,4.34,4.34,1987
35,1987,Jason Stargel,Cincinnati,,,30.5,114,4.36,4.36,4.36,4.36,1987
36,1987,Gene Taylor,Frenso State (CA),,,30.5,127,4.32,4.32,4.32,4.32,1987
37,1987,Kitrick Taylor,Washington State,,,31.0,123,4.21,4.21,4.21,4.21,1987
38,1987,Jeff Tiefenthaler,South Dakota State,,,24.0,105,9.99,9.99,9.99,9.99,1987
39,1987,Odessa Turner,Northwestern State (LA),,,31.0,116,4.25,4.25,4.25,4.25,1987
40,1988,Azizuddin Abdur-Raoof,Maryland,10.00,,35.5,124,4.30,4.30,4.30,4.30,1988
41,1988,Mike Alexander,Penn State,8.00,,25.0,104,4.57,4.57,4.57,4.57,1988
42,1988,JR Ambrose,Mississippi,9.25,,,,9.99,9.99,9.99,9.99,1988
43,1988,Flipper Anderson,UCLA,9.50,,35.5,117,4.31,4.31,4.31,4.31,1988
44,1988,Sanjay Beach,Colorado State,10.75,,33.0,117,4.34,4.34,4.34,4.34,1988
45,1988,Brian Bedford,California,10.25,,33.5,118,4.40,4.40,4.40,4.40,1988
46,1988,J.J. Birden,Oregon,8.50,,38.0,126,4.16,4.16,4.16,4.16,1988
47,1988,Brian Blades,Miami (FL),9.25,,,,9.99,9.99,9.99,9.99,1988
48,1988,Tim Brown,Notre Dame,9.00,,,,9.99,9.99,9.99,9.99,1988
49,1988,Curtis Chappell,Howard (DC),8.50,,31.0,103,4.22,4.22,4.22,4.22,1988
50,1988,Aaron Cox,Arizona State,8.50,,30.0,109,4.34,4.34,4.34,4.34,1988
51,1988,Wendell Davis,Louisiana State,8.75,,,,9.99,9.99,9.99,9.99,1988
52,1988,Duke Donaldson,Auburn,7.75,,28.5,106,4.18,4.18,4.18,4.18,1988
53,1988,Alfred Dorsey,Nicholls State (LA),9.00,,28.5,108,4.38,4.38,4.38,4.38,1988
54,1988,Quinn Early,Iowa,9.50,,35.0,117,4.23,4.23,4.23,4.23,1988
55,1988,Jeff Fairholm,Arizona,8.75,,30.5,108,4.23,4.23,4.23,4.23,1988
56,1988,Bernard Ford,Central Florida,8.00,,32.0,115,4.05,4.05,4.05,4.05,1988
57,1988,Darryl Franklin,Washington,10.25,,29.0,108,4.35,4.35,4.35,4.35,1988
58,1988,Herb Gainer,Florida State,8.50,,28.5,112,4.50,4.50,4.50,4.50,1988
59,1988,John Garrett,Syracuse,9.00,,28.0,112,4.37,4.37,4.37,4.37,1988
60,1988,Keith Gloster,Temple,8.50,,28.0,122,4.34,4.34,4.34,4.34,1988
61,1988,Darryl Harris,Arizona State,8.00,,31.5,117,4.45,4.45,4.45,4.45,1988
62,1988,Michael Haynes,Northern Arizona,8.50,,34.5,119,4.36,4.36,4.36,4.36,1988
63,1988,Ken Henry,Southern California,9.50,,36.5,112,4.44,4.44,4.44,4.44,1988
64,1988,Jeff James,Stanford,8.75,,33.0,113,4.48,4.48,4.48,4.48,1988
65,1988,Ernie Jones,Indiana,9.00,,,,9.99,9.99,9.99,9.99,1988
66,1988,Guy Liggins,San Jose State,8.50,,30.5,108,4.45,4.45,4.45,4.45,1988
67,1988,Rogie Magee,Louisiana State,9.50,,33.0,111,4.34,4.34,4.34,4.34,1988
68,1988,David Miles,Brigham Young,8.75,,33.3,119,4.32,4.32,4.32,4.32,1988
69,1988,Anthony Miller,Tennessee,8.50,,32.0,111,4.20,4.20,4.20,4.20,1988
70,1988,James Milling,Maryland,7.75,,32.0,111,4.32,4.32,4.32,4.32,1988
71,1988,Michael Oliphant,Puget Sound (WA),9.00,,,,9.99,9.99,9.99,9.99,1988
72,1988,Cassius Osborn,Georgia,9.25,,30.5,110,4.48,4.48,4.48,4.48,1988
73,1988,Darryl Pearson,Alabama State,9.25,,28.5,103,4.44,4.44,4.44,4.44,1988
74,1988,Brett Perriman,Miami (FL),8.75,,36.0,,9.99,9.99,9.99,9.99,1988
75,1988,James Rich,Albany State (GA),9.00,,31.0,114,4.51,4.51,4.51,4.51,1988
76,1988,Andy Schillinger,Miami (OH),9.00,,30.5,110,4.11,4.11,4.11,4.11,1988
77,1988,Sterling Sharpe,South Carolina,9.50,,,,9.99,9.99,9.99,9.99,1988
78,1988,Danny Smith,South Carolina,8.25,,30.5,115,4.45,4.45,4.45,4.45,1988
79,1988,Rod Smith,Nebraska,9.00,,,,9.99,9.99,9.99,9.99,1988
80,1988,John Talley,West Virginia,10.00,,31.0,115,4.37,4.37,4.37,4.37,1988
81,1988,George Thomas,Nevada Las Vegas,9.50,,34.0,120,4.40,4.40,4.40,4.40,1988
82,1988,Darryl Usher,Illinois,8.25,,34.5,110,4.02,4.02,4.02,4.02,1988
83,1988,Todd White,Cal-State Fullerton,10.50,,32.0,111,4.38,4.38,4.38,4.38,1988
84,1988,Clay Whitehurst,Alabama,8.25,,29.0,107,4.25,4.25,4.25,4.25,1988
85,1988,John Williams,Kansas State,9.00,,25.5,106,4.64,4.64,4.64,4.64,1988
86,1988,Richard Zayas,Brigham Young,9.00,,30.0,109,4.39,4.39,4.39,4.39,1988
87,1988,Marc Zeno,Tulane (LA),9.00,,35.0,114,4.32,4.32,4.32,4.32,1988
88,1989,Erik Affholter,Southern California,,,31.5,108,4.41,4.41,4.41,4.41,1989
89,1989,Mike Barber,Marshall (WV),,,35.5,120,4.03,4.03,4.03,4.03,1989
90,1989,Don Beebe,Chadron State (NE),,,36.5,115,4.08,4.08,4.08,4.08,1989
91,1989,Willie Bouyer,Michigan State,,,34.0,125,4.34,4.34,4.34,4.34,1989
92,1989,Dana Brinson,Nebraska,,,37.0,121,4.08,4.08,4.08,4.08,1989
93,1989,Andre Brown,Miami (FL),,,33.5,120,4.11,4.11,4.11,4.11,1989
94,1989,Shawn Collins,Northern Arizona,,,36.0,124,4.24,4.24,4.24,4.24,1989
95,1989,Bill Davis,Cincinnati,,,31.0,105,4.03,4.03,4.03,4.03,1989
96,1989,Reggie Davis,Texas Christian,,,29.5,116,4.49,4.49,4.49,4.49,1989
97,1989,Jarrod Delaney,Texas Christian,,,,,9.99,9.99,9.99,9.99,1989
98,1989,Titus Dixon,Troy (AL),,,33.0,114,4.38,4.38,4.38,4.38,1989
99,1989,Hart Lee Dykes,Oklahoma State,,,33.0,122,4.13,4.13,4.13,4.13,1989
100,1989,John Ford,Virginia,,,33.0,117,4.24,4.24,4.24,4.24,1989
101,1989,John Gibbs,Cal-State Fullerton,,,,,9.99,9.99,9.99,9.99,1989
102,1989,Deval Glover,Syracuse,,,31.5,116,4.03,4.03,4.03,4.03,1989
103,1989,Jeff Graham,Long Beach State (CA),,,32.5,115,4.55,4.55,4.55,4.55,1989
104,1989,Fred Hadley,Mississippi State,,,32.5,113,4.24,4.24,4.24,4.24,1989
105,1989,Rod Harris,Texas A&M,,,31.0,106,4.36,4.36,4.36,4.36,1989
106,1989,Erick Harrison,Tulsa (OK),,,32.0,116,4.23,4.23,4.23,4.23,1989
107,1989,Derek Hill,Arizona,,,32.0,118,4.32,4.32,4.32,4.32,1989
108,1989,Eddie Johnson,Utah,,,33.5,119,4.36,4.36,4.36,4.36,1989
109,1989,Vernon Joines,Maryland,,,38.5,120,4.07,4.07,4.07,4.07,1989
110,1989,John Kolesar,Michigan,,,,,9.99,9.99,9.99,9.99,1989
111,1989,Tony Logan,Nevada Las Vegas,,,28.5,108,4.25,4.25,4.25,4.25,1989
112,1989,Tony Martin,Colorado Mesa,,,39.0,129,4.22,4.22,4.22,4.22,1989
113,1989,Eric Metcalf,Texas,,,33.0,118,9.99,9.99,9.99,9.99,1989
114,1989,Frank Miotke,Grand Valley State (MI),,,32.0,117,3.99,3.99,3.99,3.99,1989
115,1989,Boo Mitchell,Vanderbilt,,,32.5,111,4.27,4.27,4.27,4.27,1989
116,1989,Bill Osborn,Pittsburgh,,,,,9.99,9.99,9.99,9.99,1989
117,1989,Danny Peebles,North Carolina State,,,35.5,128,4.23,4.23,4.23,4.23,1989
118,1989,Jeff Query,Millikin (IL),,,37.5,123,3.91,3.91,3.91,3.91,1989
119,1989,Andre Rison,Michigan State,,,35.0,114,3.96,3.96,3.96,3.96,1989
120,1989,Everett Ross,Ohio State,,,36.0,113,4.19,4.19,4.19,4.19,1989
121,1989,Brian Slater,Washington,,,31.5,108,4.05,4.05,4.05,4.05,1989
122,1989,Kendall Smith,Utah State,,,33.0,110,4.39,4.39,4.39,4.39,1989
123,1989,Anthony Stafford,Oklahoma,,,36.0,120,4.16,4.16,4.16,4.16,1989
124,1989,Mark Stock,Virginia Military Inst (VA),,,33.0,114,4.24,4.24,4.24,4.24,1989
125,1989,Rob Thomas,Oregon State,,,34.5,119,4.06,4.06,4.06,4.06,1989
126,1989,Lawyer Tillman,Auburn,,,,,9.99,9.99,9.99,9.99,1989
127,1989,Floyd Turner,Northwestern State (LA),,,32.0,114,4.32,4.32,4.32,4.32,1989
128,1989,Willie Vaughn,Kansas,,,33.0,115,4.28,4.28,4.28,4.28,1989
129,1989,Tom Waddle,Boston College,,,31.0,115,4.19,4.19,4.19,4.19,1989
130,1989,Wayne Walker,Texas Tech,,,,,9.99,9.99,9.99,9.99,1989
131,1989,Freddie Weygand,Auburn,,,32.0,114,4.24,4.24,4.24,4.24,1989
132,1989,Eric Wilkerson,Kent State (OH),,,37.5,124,4.28,4.28,4.28,4.28,1989
133,1989,Nas Worthen,North Carolina State,,,30.5,116,4.30,4.30,4.30,4.30,1989
134,1990,Terry Anthony,Florida State,9.50,,29.5,114,4.19,4.19,4.19,4.19,1990
135,1990,Fred Barnett,Arizona State,9.88,,40.5,129,4.36,4.36,4.36,4.36,1990
136,1990,Richard Bell,Nebraska,9.38,,30.5,112,4.27,4.27,4.27,4.27,1990
137,1990,Mike Bellamy,Illinois,9.38,,31.5,116,4.23,4.23,4.23,4.23,1990
138,1990,Randy Bohler,Eastern Kentucky,9.00,,35.0,115,4.23,4.23,4.23,4.23,1990
139,1990,Robert Brady,Villanova,8.63,,,,9.99,9.99,9.99,9.99,1990
140,1990,Chris Calloway,Michigan,9.50,,32.5,114,9.99,9.99,9.99,9.99,1990
141,1990,Marcus Cherry,Boston College,8.25,,28.5,108,4.35,4.35,4.35,4.35,1990
142,1990,Gary Cooper,Clemson,10.00,,37.5,127,4.07,4.07,4.07,4.07,1990
143,1990,Dale Dawkins,Miami (FL),9.25,,35.0,126,4.15,4.15,4.15,4.15,1990
144,1990,Steve Elmlinger,Indiana State,9.75,,31.5,110,4.13,4.13,4.13,4.13,1990
145,1990,Kevin Evans,San Jose State,9.75,,,,9.99,9.99,9.99,9.99,1990
146,1990,Ronnie Fair,Arizona State,9.50,,34.0,120,4.16,4.16,4.16,4.16,1990
147,1990,Mike Farr,UCLA,9.63,,34.5,117,4.07,4.07,4.07,4.07,1990
148,1990,J.J. Flannigan,Colorado,9.25,,,115,9.99,9.99,9.99,9.99,1990
149,1990,Chris Gaiters,Minnesota,9.75,,35.0,120,4.18,4.18,4.18,4.18,1990
150,1990,Anthony Green,Western Kentucky,10.38,,32.0,114,4.68,4.68,4.68,4.68,1990
151,1990,Dean Green,Maryland,8.13,,33.5,121,4.44,4.44,4.44,4.44,1990
152,1990,Willie Green,Mississippi,8.50,,31.5,119,4.12,4.12,4.12,4.12,1990
153,1990,Ronald Heard,Bowling Green (OH),8.00,,34.5,114,4.13,4.13,4.13,4.13,1990
154,1990,Clarkston Hines,Duke,9.13,,32.5,111,9.99,9.99,9.99,9.99,1990
155,1990,Tim Horton,Arkansas,8.50,,33.0,117,4.04,4.04,4.04,4.04,1990
156,1990,Darvell Huffman,Boston College,9.75,,37.5,125,4.06,4.06,4.06,4.06,1990
157,1990,John Jackson,Southern California,10.00,,31.5,112,4.24,4.24,4.24,4.24,1990
158,1990,Lynn James,Arizona State,8.63,,32.5,121,4.44,4.44,4.44,4.44,1990
159,1990,Fred Jones,Grambling State (LA),9.38,,38.0,124,4.05,4.05,4.05,4.05,1990
160,1990,Tony Jones,Texas,8.00,,,,9.99,9.99,9.99,9.99,1990
161,1990,Bruce Lang,Fairmont (WV),7.88,,29.5,114,4.65,4.65,4.65,4.65,1990
162,1990,Bruce Lasane,Florida State,9.88,,30.5,115,4.45,4.45,4.45,4.45,1990
163,1990,Kip Lewis,Arizona,9.25,,32.5,117,9.99,9.99,9.99,9.99,1990
164,1990,Ronald Lewis,Florida State,8.63,,35.5,127,4.52,4.52,4.52,4.52,1990
165,1990,Terance Mathis,New Mexico,8.25,,30.5,109,4.29,4.29,4.29,4.29,1990
166,1990,Greg Mcmurtry,Michigan,9.50,,29.5,118,4.20,4.20,4.20,4.20,1990
167,1990,Tony Moss,Louisiana State,8.88,,,,4.24,4.24,4.24,4.24,1990
168,1990,Terry Obee,Oregon,8.25,,31.5,115,4.16,4.16,4.16,4.16,1990
169,1990,Dwight Pickens,Frenso State (CA),8.00,,34.0,121,4.41,4.41,4.41,4.41,1990
170,1990,Ricky Proehl,Wake Forest,9.50,,34.0,117,4.01,4.01,4.01,4.01,1990
171,1990,Reggie Rembert,West Virginia,8.50,,30.0,118,9.99,9.99,9.99,9.99,1990
172,1990,Andre Riley,Washington,8.75,,32.0,112,9.99,9.99,9.99,9.99,1990
173,1990,Chris Roscoe,Hawaii,9.38,,33.0,118,9.99,9.99,9.99,9.99,1990
174,1990,Tyrone Shavers,Lamar (TX),9.75,,34.5,124,4.20,4.20,4.20,4.20,1990
175,1990,Stacey Simmons,Florida,8.38,,28.5,116,9.99,9.99,9.99,9.99,1990
176,1990,Melvin Smith,Arizona,8.63,,31.0,115,4.20,4.20,4.20,4.20,1990
177,1990,Quintin Smith,Kansas,9.00,,27.5,111,4.31,4.31,4.31,4.31,1990
178,1990,Tim Stallworth,Washington State,9.00,,34.0,114,9.99,9.99,9.99,9.99,1990
179,1990,Reggie Thornton,Bowling Green (OH),9.25,,31.0,120,4.09,4.09,4.09,4.09,1990
180,1990,Henry Tuten,Pittsburgh,9.50,,29.5,114,9.99,9.99,9.99,9.99,1990
181,1990,Calvin Williams,Purdue,9.50,,35.0,127,4.20,4.20,4.20,4.20,1990
182,1990,Steve Williams,Illinois,9.50,,29.5,112,4.25,4.25,4.25,4.25,1990
183,1990,Thomas Woods,Tennessee,9.88,,30.5,105,9.99,9.99,9.99,9.99,1990
184,1990,Alexander Wright,Auburn,8.50,,35.5,127,9.99,9.99,9.99,9.99,1990
185,1991,Dennis Arey,San Diego State,9.50,,30.0,110,4.16,4.16,4.16,4.16,1991
186,1991,Dave Baird,Lafayette (PA),9.88,,33.0,113,4.33,4.33,4.33,4.33,1991
187,1991,Terence Barber,Florida,9.38,,30.0,100,4.11,4.11,4.11,4.11,1991
188,1991,Tim Barnett,Jackson State (MS),10.00,,34.5,115,4.27,4.27,4.27,4.27,1991
189,1991,Reggie Barrett,Texas-El Paso,10.63,,37.0,123,4.16,4.16,4.16,4.16,1991
190,1991,Jerry Bouldin,Mississippi State,9.88,,34.0,118,4.01,4.01,4.01,4.01,1991
191,1991,Allan Boyko,Western Michigan,9.63,,33.5,115,4.08,4.08,4.08,4.08,1991
192,1991,James Bradley,Michigan State,9.75,,37.0,127,3.97,3.97,3.97,3.97,1991
193,1991,Richard Buchanan,Northwestern,8.50,,36.0,116,4.18,4.18,4.18,4.18,1991
194,1991,Rob Carpenter,Syracuse,8.75,,34.5,119,4.03,4.03,4.03,4.03,1991
195,1991,Wesley Carroll,Miami (FL),9.50,,33.0,121,4.06,4.06,4.06,4.06,1991
196,1991,Nigel Codrington,Rice (TX),9.00,,36.5,133,4.22,4.22,4.22,4.22,1991
197,1991,Linzy Collins,Missouri,9.63,,30.5,108,4.30,4.30,4.30,4.30,1991
198,1991,Gary Compton,East Texas Baptist,10.00,,30.0,113,4.18,4.18,4.18,4.18,1991
199,1991,David Daniels,Penn State,8.25,,33.0,115,4.22,4.22,4.22,4.22,1991
200,1991,Harlan Davis,Tennessee,9.50,,31.0,110,4.18,4.18,4.18,4.18,1991
201,1991,Lawrence Dawsey,Florida State,9.38,,33.5,114,4.31,4.31,4.31,4.31,1991
202,1991,Sean Foster,Long Beach State (CA),9.50,,30.5,108,4.40,4.40,4.40,4.40,1991
203,1991,Jeff Graham,Ohio State,10.00,,35.0,118,4.29,4.29,4.29,4.29,1991
204,1991,Arthur Guess,Oklahoma,9.50,,32.0,115,4.31,4.31,4.31,4.31,1991
205,1991,Millard Hamilton,Clemson,8.88,,36.5,117,4.34,4.34,4.34,4.34,1991
206,1991,Tony Hargain,Oregon,9.88,,,,9.99,9.99,9.99,9.99,1991
207,1991,Alvin Harper,Tennessee,9.75,,,,9.99,9.99,9.99,9.99,1991
208,1991,Manny Hazard,Houston,8.88,,31.0,109,4.17,4.17,4.17,4.17,1991
209,1991,Randal Hill,Miami (FL),9.75,,36.0,117,4.05,4.05,4.05,4.05,1991
210,1991,Rick Isaiah,Toledo,8.63,,28.5,110,4.29,4.29,4.29,4.29,1991
211,1991,Shawn Jefferson,Central Florida,9.63,,30.0,111,4.19,4.19,4.19,4.19,1991
212,1991,Barry Johnson,Maryland,9.75,,33.0,112,9.99,9.99,9.99,9.99,1991
213,1991,Brad Lamb,Anderson (IN),8.75,,33.5,115,4.41,4.41,4.41,4.41,1991
214,1991,Phil Logan,Kentucky,9.63,,32.0,115,4.32,4.32,4.32,4.32,1991
215,1991,Curtis Mayfield,Oklahoma State,9.63,,41.0,122,4.23,4.23,4.23,4.23,1991
216,1991,Damon Mays,Missouri,9.63,,34.5,117,4.25,4.25,4.25,4.25,1991
217,1991,Ed Mccaffrey,Stanford,10.25,,37.0,121,4.15,4.15,4.15,4.15,1991
218,1991,Keenan Mccardell,Nevada Las Vegas,10.25,,36.5,122,4.18,4.18,4.18,4.18,1991
219,1991,Curtis Mcmanus,Purdue,9.25,,35.5,115,4.23,4.23,4.23,4.23,1991
220,1991,Scott Miller,UCLA,9.13,,31.5,113,4.33,4.33,4.33,4.33,1991
221,1991,Ernie Mills,Florida,9.63,,38.5,125,3.96,3.96,3.96,3.96,1991
222,1991,Herman Moore,Virginia,9.75,,,,9.99,9.99,9.99,9.99,1991
223,1991,Reggie Moore,UCLA,9.63,,36.5,113,4.41,4.41,4.41,4.41,1991
224,1991,Vincent Moore,Tennessee,9.63,,,,9.99,9.99,9.99,9.99,1991
225,1991,Anthony Morgan,Tennessee,9.13,,31.5,116,4.29,4.29,4.29,4.29,1991
226,1991,Bobby Olive,Ohio State,8.88,,34.5,115,3.95,3.95,3.95,3.95,1991
227,1991,Anthony Owens,Tennessee State,10.50,,,,9.99,9.99,9.99,9.99,1991
228,1991,Ernest Priester,Edinboro (PA),8.75,,32.5,111,4.33,4.33,4.33,4.33,1991
229,1991,Mike Pritchard,Colorado,9.13,,35.5,120,4.15,4.15,4.15,4.15,1991
230,1991,Jimmy Raye,San Diego State,8.63,,31.5,111,4.15,4.15,4.15,4.15,1991
231,1991,Jake Reed,Grambling State (LA),10.00,,35.5,122,4.38,4.38,4.38,4.38,1991
232,1991,Derek Russell,Arkansas,9.25,,,,9.99,9.99,9.99,9.99,1991
233,1991,Bobby Slaughter,Louisiana Tech,9.75,,33.5,113,4.32,4.32,4.32,4.32,1991
234,1991,Greg Taylor,Auburn,9.25,,32.5,113,4.29,4.29,4.29,4.29,1991
235,1991,Yancey Thigpen,Winston-Salem State (NC),10.38,,38.5,122,4.37,4.37,4.37,4.37,1991
236,1991,Doug Thomas,Clemson,9.38,,31.0,114,4.21,4.21,4.21,4.21,1991
237,1991,Mike Trevathan,Montana,8.88,,30.0,114,4.35,4.35,4.35,4.35,1991
238,1991,Rob Turner,Indiana,10.00,,32.5,111,4.28,4.28,4.28,4.28,1991
239,1991,Travis Vallin,Nebraska-Kearney,9.13,,35.5,121,4.09,4.09,4.09,4.09,1991
240,1991,Johnny Walker,Texas,9.88,,33.0,118,4.21,4.21,4.21,4.21,1991
241,1991,Slip Watkins,Louisiana State,9.00,,34.0,118,4.37,4.37,4.37,4.37,1991
242,1991,Shawn Wax,Illinois,9.63,,,,9.99,9.99,9.99,9.99,1991
243,1991,Gary Wellman,Southern California,9.00,,31.0,110,4.34,4.34,4.34,4.34,1991
244,1991,Eric Wright,Stephen F. Austin (TX),9.50,,28.0,105,4.39,4.39,4.39,4.39,1991
245,1992,Mario Bailey,Washington,8.75,,35.0,123,4.18,4.18,4.18,4.18,1992
246,1992,Michael Bates,Arizona,9.00,,34.5,124,9.99,9.99,9.99,9.99,1992
247,1992,Rodney Blackshear,Texas Tech,9.50,,30.5,117,4.34,4.34,4.34,4.34,1992
248,1992,Eric Boles,Central Washington,9.88,,35.5,121,4.27,4.27,4.27,4.27,1992
249,1992,Alan Boschma,Portland State (OR),9.13,,26.0,103,4.30,4.30,4.30,4.30,1992
250,1992,Jon Bostick,Nebraska,8.88,,33.5,114,4.06,4.06,4.06,4.06,1992
251,1992,Robert Brooks,South Carolina,9.63,,37.0,126,4.18,4.18,4.18,4.18,1992
252,1992,John Brown,Houston,9.50,,35.0,127,4.18,4.18,4.18,4.18,1992
253,1992,Verlond Brown,Houston,8.00,,33.0,118,4.30,4.30,4.30,4.30,1992
254,1992,Vincent Brownlee,Mississippi,8.38,,32.5,118,4.08,4.08,4.08,4.08,1992
255,1992,Herbert Casey,Auburn,8.13,,34.5,124,4.15,4.15,4.15,4.15,1992
256,1992,Charles Davenport,North Carolina State,9.88,,33.0,109,4.34,4.34,4.34,4.34,1992
257,1992,Darnell Dickerson,Pittsburgh,8.50,,29.0,109,9.99,9.99,9.99,9.99,1992
258,1992,Marcus Dowdell,Tennessee State,8.00,,33.0,123,4.08,4.08,4.08,4.08,1992
259,1992,Brian Dowler,Marshall (WV),9.25,,27.0,103,4.24,4.24,4.24,4.24,1992
260,1992,Kasey Dunn,Idaho,9.50,,33.0,116,4.27,4.27,4.27,4.27,1992
261,1992,Ken Ealy,Central Michigan,8.25,,34.0,111,4.13,4.13,4.13,4.13,1992
262,1992,Nickey Edmondson,Jacksonville State (AL),8.13,,28.0,104,4.37,4.37,4.37,4.37,1992
263,1992,Bernard Edwards,Ohio State,9.13,,30.5,102,4.28,4.28,4.28,4.28,1992
264,1992,Ray Ethridge,Pasedena City College,7.38,,37.5,130,9.99,9.99,9.99,9.99,1992
265,1992,Keith Ewell,Duke,10.13,,,,9.99,9.99,9.99,9.99,1992
266,1992,Marcus Grant,Houston,7.88,,33.0,115,4.38,4.38,4.38,4.38,1992
267,1992,Shoun Habersham,Tennessee-Chattanooga,8.25,,36.5,116,3.99,3.99,3.99,3.99,1992
268,1992,Courtney Hawkins,Michigan State,8.75,,,,9.99,9.99,9.99,9.99,1992
269,1992,Wayne Hawkins,Southwest Minnesota,8.25,,30.5,111,4.00,4.00,4.00,4.00,1992
270,1992,Eric Henley,Rice (TX),8.00,,31.0,110,4.23,4.23,4.23,4.23,1992
271,1992,Mark Henry,Colorado,8.75,,28.5,107,4.33,4.33,4.33,4.33,1992
272,1992,Andrew Hill,Indiana (PA),10.13,,30.5,117,4.35,4.35,4.35,4.35,1992
273,1992,Chris Holder,Tuskegee (AL),8.75,,29.0,106,4.56,4.56,4.56,4.56,1992
274,1992,Desmond Howard,Michigan,8.88,,,,9.99,9.99,9.99,9.99,1992
275,1992,Tracey Jenkins,Utah State,8.63,,32.0,116,4.35,4.35,4.35,4.35,1992
276,1992,Darron Johnson,Angelo State (TX),8.75,,35.0,128,4.29,4.29,4.29,4.29,1992
277,1992,Hendricks Johnson,Northern Arizona,8.38,,34.0,119,4.30,4.30,4.30,4.30,1992
278,1992,Walter Jones,Duke,8.50,,35.0,119,4.31,4.31,4.31,4.31,1992
279,1992,Todd Kinchen,Louisiana State,9.13,,31.5,109,4.02,4.02,4.02,4.02,1992
280,1992,Greg Lester,Georgia Tech,8.63,,,,9.99,9.99,9.99,9.99,1992
281,1992,Ted Long,Oklahoma,9.13,,33.5,118,3.95,3.95,3.95,3.95,1992
282,1992,Arthur Marshall,Georgia,9.25,,38.0,125,4.00,4.00,4.00,4.00,1992
283,1992,Orlando Mckay,Washington,9.13,,33.0,112,4.27,4.27,4.27,4.27,1992
284,1992,Marcus Mickel,Virginia Tech,9.13,,33.0,111,4.20,4.20,4.20,4.20,1992
285,1992,Lee Miles,Baylor,8.50,,31.5,117,4.03,4.03,4.03,4.03,1992
286,1992,Clarence Miller,Illinois State,8.25,,30.5,117,4.19,4.19,4.19,4.19,1992
287,1992,Eddie Miller,South Carolina,8.88,,34.0,117,4.10,4.10,4.10,4.10,1992
288,1992,Rod Moore,Utah State,9.13,,31.0,112,4.38,4.38,4.38,4.38,1992
289,1992,Carl Pickens,Tennessee,8.25,,,,9.99,9.99,9.99,9.99,1992
290,1992,Barry Rose,Wisconsin-Steven's Point,9.50,,28.5,112,4.18,4.18,4.18,4.18,1992
291,1992,Patrick Rowe,San Diego State,8.13,,36.5,119,4.10,4.10,4.10,4.10,1992
292,1992,Craig Sanderson,Alabama,8.88,,,,9.99,9.99,9.99,9.99,1992
293,1992,Mark Seay,Long Beach State (CA),8.38,,35.0,119,4.18,4.18,4.18,4.18,1992
294,1992,Nate Singleton,Grambling State (LA),8.75,,31.5,114,4.29,4.29,4.29,4.29,1992
295,1992,Torrance Small,Alcorn State (MS),9.25,,30.5,112,4.35,4.35,4.35,4.35,1992
296,1992,Jimmy Smith,Jackson State (MS),10.13,,35.0,120,4.14,4.14,4.14,4.14,1992
297,1992,Michael Smith,Kansas State,8.75,,30.0,109,4.26,4.26,4.26,4.26,1992
298,1992,Rico Smith,Colorado,8.88,,35.0,129,4.22,4.22,4.22,4.22,1992
299,1992,Terry Smith,Penn State,8.88,,34.0,113,4.00,4.00,4.00,4.00,1992
300,1992,Tony Smith,Notre Dame,9.50,,,,9.99,9.99,9.99,9.99,1992
301,1992,Charles Swann,Indiana State,9.13,,36.0,129,4.29,4.29,4.29,4.29,1992
302,1992,Jeff Sydner,Hawaii,9.00,,33.0,115,3.85,3.85,3.85,3.85,1992
303,1992,Cedric Tillman,Alcorn State (MS),10.75,,31.5,114,4.40,4.40,4.40,4.40,1992
304,1992,Brian Treggs,California,7.13,,32.0,107,4.07,4.07,4.07,4.07,1992
305,1992,Elbert Turner,Illinois,8.63,,36.0,123,3.98,3.98,3.98,3.98,1992
306,1992,Chris Walsh,Stanford,8.25,,,,9.99,9.99,9.99,9.99,1992
307,1992,Ronnie West,Pittsburgh State (KS),9.88,,34.5,118,4.27,4.27,4.27,4.27,1992
308,1992,Tyrone Williams,Canada,9.88,,34.5,114,4.40,4.40,4.40,4.40,1992
309,1993,Stevie Anderson,Grambling State (LA),8.88,,35.0,115,4.15,4.15,4.15,4.15,1993
310,1993,Victor Bailey,Missouri,10.50,,35.0,114,4.16,4.16,4.16,4.16,1993
311,1993,Shannon Baker,Florida State,9.25,,35.0,114,4.40,4.40,4.40,4.40,1993
312,1993,Jimmy Bethea,Tennessee State,9.38,,,,9.99,9.99,9.99,9.99,1993
313,1993,Phillip Bobo,Washington State,9.88,,27.0,111,4.26,4.26,4.26,4.26,1993
314,1993,Melvin Bonner,Baylor,8.88,,36.0,129,4.42,4.42,4.42,4.42,1993
315,1993,Vincent Brisby,Louisiana-Monroe,10.25,,36.0,128,4.04,4.04,4.04,4.04,1993
316,1993,Anthony Brooks,East Texas Baptist,8.50,,29.0,115,4.30,4.30,4.30,4.30,1993
317,1993,Gregory Clifton,Virginia Military Inst (VA),9.00,,33.5,122,4.14,4.14,4.14,4.14,1993
318,1993,Curtis Conway,Southern California,8.75,,,,9.99,9.99,9.99,9.99,1993
319,1993,Horace Copeland,Miami (FL),9.75,,43.5,130,9.99,9.99,9.99,9.99,1993
320,1993,Russell Copeland,Memphis,8.38,,34.5,112,9.99,9.99,9.99,9.99,1993
321,1993,Sean Dawkins,California,10.00,,32.0,119,4.00,4.00,4.00,4.00,1993
322,1993,Ron Dickerson,Arkansas,8.88,,33.5,123,4.20,4.20,4.20,4.20,1993
323,1993,Travis Hannah,Southern California,8.00,,32.0,114,4.10,4.10,4.10,4.10,1993
324,1993,Willie Harris,Mississippi State,8.88,,33.5,114,4.24,4.24,4.24,4.24,1993
325,1993,Andre Hastings,Georgia,9.88,,,,9.99,9.99,9.99,9.99,1993
326,1993,Danan Hughes,Iowa,9.75,,,,9.99,9.99,9.99,9.99,1993
327,1993,Qadry Ismail,Syracuse,9.75,,35.0,119,9.99,9.99,9.99,9.99,1993
328,1993,Tony James,Mississippi State,8.25,,31.0,106,4.13,4.13,4.13,4.13,1993
329,1993,James Jett,West Virginia,8.88,,33.0,117,3.89,3.89,3.89,3.89,1993
330,1993,Antonio Johnson,Syracuse,8.88,,40.5,124,4.29,4.29,4.29,4.29,1993
331,1993,Antonious Kimbrough,Jackson State (MS),8.63,,32.0,116,4.20,4.20,4.20,4.20,1993
332,1993,Sean Lachapelle,UCLA,9.00,,35.0,123,4.12,4.12,4.12,4.12,1993
333,1993,O.J. Mcduffie,Penn State,10.13,,,,9.99,9.99,9.99,9.99,1993
334,1993,John Morton,Western Michigan,9.75,,36.5,130,4.30,4.30,4.30,4.30,1993
335,1993,Vince Parks,Middle Tennessee State,9.38,,,,9.99,9.99,9.99,9.99,1993
336,1993,Greg Primus,Colorado State,8.88,,34.5,123,4.09,4.09,4.09,4.09,1993
337,1993,Larry Ryans,Clemson,8.00,,35.0,118,4.07,4.07,4.07,4.07,1993
338,1993,Kenny Shedd,Northern Iowa,8.88,,37.5,125,4.03,4.03,4.03,4.03,1993
339,1993,Darryl Spencer,Miami (FL),9.13,,29.5,113,4.09,4.09,4.09,4.09,1993
340,1993,Brian Stablein,Ohio State,8.38,,38.5,126,3.80,3.80,3.80,3.80,1993
341,1993,Mark Szlachcic,Bowling Green (OH),8.88,,26.0,106,4.47,4.47,4.47,4.47,1993
342,1993,Lamar Thomas,Miami (FL),9.13,,34.0,117,9.99,9.99,9.99,9.99,1993
343,1993,Charles Thompson,Central State (OH),8.75,,,,9.99,9.99,9.99,9.99,1993
344,1993,Olanda Truitt,Mississippi State,9.50,,33.0,115,4.30,4.30,4.30,4.30,1993
345,1993,Aaron Turner,Pacific (CA),9.38,,32.0,113,4.20,4.20,4.20,4.20,1993
346,1993,Terrence Warren,Hampton (VA),9.63,,34.0,123,4.14,4.14,4.14,4.14,1993
347,1993,Kevin Williams,Miami (FL),9.00,,35.5,123,4.61,4.61,4.61,4.61,1993
348,1994,Derrick Alexander,Michigan,8.75,,36.0,127,4.19,4.19,4.19,4.19,1994
349,1994,Tyler Anderson,Brigham Young,8.00,,27.5,112,4.37,4.37,4.37,4.37,1994
350,1994,Aaron Bailey,Louisville,8.75,,30.5,114,4.25,4.25,4.25,4.25,1994
351,1994,Chris Brantley,Rutgers,10.00,,32.0,120,4.00,4.00,4.00,4.00,1994
352,1994,Isaac Bruce,Memphis,8.75,,36.5,121,4.15,4.15,4.15,4.15,1994
353,1994,Andre Coleman,Kansas State,8.63,,,,9.99,9.99,9.99,9.99,1994
354,1994,Lake Dawson,Notre Dame,9.50,,34.0,118,4.12,4.12,4.12,4.12,1994
355,1994,Troy Dickey,Arizona,10.00,,,,9.99,9.99,9.99,9.99,1994
356,1994,Corey Dixon,Nebraska,8.63,,32.0,109,4.20,4.20,4.20,4.20,1994
357,1994,Todd Dixon,Wake Forest,9.00,,33.0,117,4.53,4.53,4.53,4.53,1994
358,1994,Eric Drage,Brigham Young,8.25,,30.0,110,4.21,4.21,4.21,4.21,1994
359,1994,Bert Emanuel,Rice (TX),8.25,,37.0,117,3.98,3.98,3.98,3.98,1994
360,1994,Craig Faulkner,Tennessee,9.13,,30.5,109,4.16,4.16,4.16,4.16,1994
361,1994,Cory Fleming,Tennessee,8.13,,,,9.99,9.99,9.99,9.99,1994
362,1994,Matt Frier,Florida State,8.25,,,,9.99,9.99,9.99,9.99,1994
363,1994,Mario Henry,Rutgers,9.50,,38.5,125,4.37,4.37,4.37,4.37,1994
364,1994,Lloyd Hill,Texas Tech,8.75,,,,9.99,9.99,9.99,9.99,1994
365,1994,Shelby Hill,Syracuse,9.50,,,,9.99,9.99,9.99,9.99,1994
366,1994,Corey Holliday,North Carolina,10.25,,27.5,112,4.34,4.34,4.34,4.34,1994
367,1994,Harrison Houston,Florida,8.50,,32.5,106,4.10,4.10,4.10,4.10,1994
368,1994,Willie Jackson,Florida,9.00,,38.0,125,4.15,4.15,4.15,4.15,1994
369,1994,Charles Johnson,Colorado,9.25,,,,9.99,9.99,9.99,9.99,1994
370,1994,Jay Kearney,West Virginia,9.88,,36.0,115,9.99,9.99,9.99,9.99,1994
371,1994,Kevin Knox,Florida State,10.13,,34.5,119,4.35,4.35,4.35,4.35,1994
372,1994,Kevin Lee,Alabama,8.50,,32.0,121,9.99,9.99,9.99,9.99,1994
373,1994,Thomas Lewis,Indiana,9.25,,34.5,116,4.15,4.15,4.15,4.15,1994
374,1994,Terry Mickens,Florida A&M,10.00,,31.0,117,4.39,4.39,4.39,4.39,1994
375,1994,Johnnie Morton,Southern California,10.00,,,,9.99,9.99,9.99,9.99,1994
376,1994,Turhon O'Bannon,New Mexico,8.63,,35.0,120,4.34,4.34,4.34,4.34,1994
377,1994,David Palmer,Alabama,8.50,,,,9.99,9.99,9.99,9.99,1994
378,1994,Orlando Parker,Troy (AL),9.25,,,,9.99,9.99,9.99,9.99,1994
379,1994,Chris Penn,Tulsa (OK),10.38,,35.5,118,4.06,4.06,4.06,4.06,1994
380,1994,Jim Ray,Utah State,8.50,,,,9.99,9.99,9.99,9.99,1994
381,1994,Bryan Rowley,Utah,9.25,,,,9.99,9.99,9.99,9.99,1994
382,1994,Darnay Scott,San Diego State,8.50,,,,9.99,9.99,9.99,9.99,1994
383,1994,Malcolm Seabron,Frenso State (CA),8.75,,34.0,107,4.53,4.53,4.53,4.53,1994
384,1994,Eddie Small,Mississippi,8.75,,30.0,108,4.25,4.25,4.25,4.25,1994
385,1994,Terry Smith,Clemson,9.00,,33.0,117,4.25,4.25,4.25,4.25,1994
386,1994,Tydus Winans,Frenso State (CA),8.63,,35.0,122,4.15,4.15,4.15,4.15,1994
387,1994,Ryan Yarborough,Wyoming,9.50,,34.5,116,9.99,9.99,9.99,9.99,1994
388,1995,Justin Armour,Stanford,10.50,,32.5,116,4.04,4.04,4.04,4.04,1995
389,1995,Henry Bailey,Nevada Las Vegas,9.00,,38.5,130,4.12,4.12,4.12,4.12,1995
390,1995,Mill Coleman,Michigan State,10.50,,,,9.99,9.99,9.99,9.99,1995
391,1995,Lee Deramus,Wisconsin,10.13,,,,9.99,9.99,9.99,9.99,1995
392,1995,David Dunn,Frenso State (CA),10.75,,,,9.99,9.99,9.99,9.99,1995
393,1995,Omar Ellison,Florida State,9.50,,,111,9.99,9.99,9.99,9.99,1995
394,1995,Stanley Flanders,Valdosta State (GA),8.88,,30.0,108,9.99,9.99,9.99,9.99,1995
395,1995,Antonio Freeman,Baltimore Polytechnic,8.38,,,,9.99,9.99,9.99,9.99,1995
396,1995,Joey Galloway,Ohio State,10.25,,,,9.99,9.99,9.99,9.99,1995
397,1995,Jerry Garrett,Wayne State (NE),8.75,,30.0,112,4.25,4.25,4.25,4.25,1995
398,1995,Eddie Goines,North Carolina State,9.50,,,,9.99,9.99,9.99,9.99,1995
399,1995,Ken Grace,Southern California,8.63,,31.0,114,4.15,4.15,4.15,4.15,1995
400,1995,Hason Graham,Georgia,9.25,,28.0,111,9.99,9.99,9.99,9.99,1995
401,1995,Kerry Hayes,Western Carolina,8.88,,30.5,112,4.25,4.25,4.25,4.25,1995
402,1995,Edward Hervey,Southern California,9.00,,,,9.99,9.99,9.99,9.99,1995
403,1995,Aubrey Hill,Florida,9.50,,31.0,112,4.15,4.15,4.15,4.15,1995
404,1995,Jack Jackson,Florida,9.38,,,,9.99,9.99,9.99,9.99,1995
405,1995,Chris Jones,Miami (FL),9.63,,33.0,116,4.46,4.46,4.46,4.46,1995
406,1995,Curtis Marsh,Utah,10.00,,32.5,120,4.41,4.41,4.41,4.41,1995
407,1995,Kez Mccorvey,Florida State,10.13,,,,9.99,9.99,9.99,9.99,1995
408,1995,Clyde Mccoy,Arizona State,8.38,,34.5,123,9.99,9.99,9.99,9.99,1995
409,1995,Mike Miller,Notre Dame,9.25,,32.5,113,4.19,4.19,4.19,4.19,1995
410,1995,Lovell Pinkney,Texas,9.88,,,,9.99,9.99,9.99,9.99,1995
411,1995,Roell Preston,Mississippi,9.50,,31.5,115,9.99,9.99,9.99,9.99,1995
412,1995,David Rhodes,Central Florida,9.63,,30.0,118,4.52,4.52,4.52,4.52,1995
413,1995,J J Rowlett,Texas-El Paso,9.88,,28.5,109,4.28,4.28,4.28,4.28,1995
414,1995,Chris Sanders,Ohio State,8.75,,38.0,121,4.09,4.09,4.09,4.09,1995
415,1995,Frank Sanders,Auburn,9.38,,,,9.99,9.99,9.99,9.99,1995
416,1995,Freddie Solomon,South Carolina State,8.63,,32.5,120,4.29,4.29,4.29,4.29,1995
417,1995,J J Stokes,UCLA,9.75,,,,9.99,9.99,9.99,9.99,1995
418,1995,Johnny Thomas,Arizona State,9.13,,33.0,115,9.99,9.99,9.99,9.99,1995
419,1995,Burt Thornton,Purdue,9.38,,32.5,119,4.28,4.28,4.28,4.28,1995
420,1995,Michael Westbrook,Colorado,9.88,,,124,4.09,4.09,4.09,4.09,1995
421,1995,Billy Williams,Tennessee,9.50,,,117,9.99,9.99,9.99,9.99,1995
422,1995,Robert Williams,Valdosta State (GA),9.50,,27.5,113,9.99,9.99,9.99,9.99,1995
423,1995,Manley Woods,New Mexico,9.63,,32.5,114,4.41,4.41,4.41,4.41,1995
424,1996,Jay Arnold,Frenso State (CA),9.13,,30.0,116,4.20,4.20,4.20,4.20,1996
425,1996,Reggie Barlow,Alabama State,8.75,,32.5,115,4.20,4.20,4.20,4.20,1996
426,1996,Curtis Brown,Alabama,9.00,,31.5,113,4.24,4.24,4.24,4.24,1996
427,1996,Shaston Coleman,Mississippi State,9.00,,29.5,117,4.52,4.52,4.52,4.52,1996
428,1996,Preston Cunningham,Southwest Minnesota,10.25,,29.5,113,4.50,4.50,4.50,4.50,1996
429,1996,Chris Doering,Florida,10.00,,30.5,118,4.52,4.52,4.52,4.52,1996
430,1996,Bobby Engram,Penn State,9.13,,,,9.99,9.99,9.99,9.99,1996
431,1996,Terry Glenn,Ohio State,10.38,,,,9.99,9.99,9.99,9.99,1996
432,1996,Terry Guess,Gardner-Webb (NC),9.50,,,,9.99,9.99,9.99,9.99,1996
433,1996,Mark Harris,Stanford,9.00,,31.0,110,4.23,4.23,4.23,4.23,1996
434,1996,Marvin Harrison,Syracuse,9.75,,,,9.99,9.99,9.99,9.99,1996
435,1996,Mercury Hayes,Michigan,9.13,,34.0,117,4.12,4.12,4.12,4.12,1996
436,1996,Mike Horacek,Iowa State,10.13,,30.5,124,4.14,4.14,4.14,4.14,1996
437,1996,Brice Hunter,Georgia,9.88,,,,9.99,9.99,9.99,9.99,1996
438,1996,Patrick Jeffers,Virginia,10.00,,35.0,121,4.21,4.21,4.21,4.21,1996
439,1996,Dietrich Jells,Pittsburgh,8.38,,,,9.99,9.99,9.99,9.99,1996
440,1996,Keyshawn Johnson,Southern California,10.88,,31.5,125,4.25,4.25,4.25,4.25,1996
441,1996,Charlie Jones,Frenso State (CA),9.63,,34.0,117,4.59,4.59,4.59,4.59,1996
442,1996,Clarence Jones,Tennessee State,8.63,,33.5,124,4.30,4.30,4.30,4.30,1996
443,1996,Kevin Jordan,UCLA,8.25,,,111,9.99,9.99,9.99,9.99,1996
444,1996,Eddie Kennison,Louisiana State,9.50,,34.5,120,4.23,4.23,4.23,4.23,1996
445,1996,Jermaine Lewis,Maryland,9.00,,33.5,124,4.30,4.30,4.30,4.30,1996
446,1996,Ray Lucas,Rutgers,9.50,,33.0,132,4.34,4.34,4.34,4.34,1996
447,1996,Toderick Malone,Alabama,9.25,,31.5,111,4.20,4.20,4.20,4.20,1996
448,1996,Derrick Mayes,Notre Dame,9.63,,35.5,120,4.11,4.11,4.11,4.11,1996
449,1996,Cristin Mclemore,Oregon,9.00,,,,9.99,9.99,9.99,9.99,1996
450,1996,Eric Moulds,Mississippi State,9.25,,,,9.99,9.99,9.99,9.99,1996
451,1996,Mushsin Muhammad,Michigan State,10.38,,33.0,120,4.16,4.16,4.16,4.16,1996
452,1996,Terrell Owens,Tennessee-Chattanooga,10.50,,33.0,120,4.26,4.26,4.26,4.26,1996
453,1996,Phillip Riley,Florida State,9.13,,32.5,120,4.46,4.46,4.46,4.46,1996
454,1996,James Roe,Norfolk State (VA),9.38,,38.5,132,4.34,4.34,4.34,4.34,1996
455,1996,Mitch Running,Kansas State,8.38,,32.0,108,4.04,4.04,4.04,4.04,1996
456,1996,Lance Schwindt,Fort Hays State (KS),8.75,,31.0,120,4.56,4.56,4.56,4.56,1996
457,1996,Freddie Scott,Penn State,9.38,,30.0,108,9.99,9.99,9.99,9.99,1996
458,1996,Jason Shelley,Central State (OH),9.88,,31.0,108,4.47,4.47,4.47,4.47,1996
459,1996,Bryan Still,Virginia Tech,9.25,,37.5,120,4.06,4.06,4.06,4.06,1996
460,1996,Amani Toomer,Michigan,9.00,,40.0,132,4.14,4.14,4.14,4.14,1996
461,1996,Iheanyi Uwaezuoke,California,9.13,,,,9.99,9.99,9.99,9.99,1996
462,1996,Alex Van Dyke,Nevada Las Vegas,10.13,,33.0,120,4.62,4.62,4.62,4.62,1996
463,1996,Marcus Wall,North Carolina,9.00,,31.5,120,4.20,4.20,4.20,4.20,1996
464,1996,Ervin Whitehead,William & Mary (VA),9.25,,31.5,120,4.30,4.30,4.30,4.30,1996
465,1996,Stepfret Williams,Louisiana-Monroe,8.25,,31.0,120,4.44,4.44,4.44,4.44,1996
466,1996,Sir Mawn Wilson,Syracuse,9.63,,35.0,132,4.24,4.24,4.24,4.24,1996
467,1996,Cedric Zachery,Georgia Tech,9.00,,33.5,120,4.38,4.38,4.38,4.38,1996
468,1997,Mike Adams,Texas,9.13,,29.5,112,4.38,4.38,4.38,4.38,1997
469,1997,Reidel Anthony,Florida,9.25,,,,9.99,9.99,9.99,9.99,1997
470,1997,Will Blackwell,San Diego State,9.75,,34.0,120,4.28,4.28,4.28,4.28,1997
471,1997,Macey Brooks,James Madison (VA),9.88,,38.5,125,4.13,4.13,4.13,4.13,1997
472,1997,Rae Carruth,Colorado,9.50,,,,9.99,9.99,9.99,9.99,1997
473,1997,Albert Connell,Texas A&M,8.88,,,,9.99,9.99,9.99,9.99,1997
474,1997,Andre Cooper,Florida State,9.25,,,,9.99,9.99,9.99,9.99,1997
475,1997,Juan Daniels,Georgia,9.13,,34.5,114,4.33,4.33,4.33,4.33,1997
476,1997,Richard Dice,Arizona,9.00,,,,9.99,9.99,9.99,9.99,1997
477,1997,Yatil Green,Miami (FL),9.25,,40.5,130,4.17,4.17,4.17,4.17,1997
478,1997,Marcus Harris,Wyoming,9.88,,34.0,112,4.09,4.09,4.09,4.09,1997
479,1997,Ike Hilliard,Florida,9.50,,,,9.99,9.99,9.99,9.99,1997
480,1997,Alonzo Johnson,Central State (OH),9.50,,33.0,116,4.28,4.28,4.28,4.28,1997
481,1997,Joey Kent,Tennessee,8.88,,,,9.99,9.99,9.99,9.99,1997
482,1997,Tony Lanier,Virginia State,9.88,,33.5,120,4.19,4.19,4.19,4.19,1997
483,1997,Kevin Lockett,Kansas State,8.63,,36.5,121,3.93,3.93,3.93,3.93,1997
484,1997,Chad Mackey,Louisiana Tech,9.25,,34.0,115,3.99,3.99,3.99,3.99,1997
485,1997,Brian Manning,Stanford,9.50,,34.5,120,4.12,4.12,4.12,4.12,1997
486,1997,Derrick Mason,Michigan State,10.00,,32.0,113,4.46,4.46,4.46,4.46,1997
487,1997,Chris Miller,Southern California,9.63,,31.5,115,4.32,4.32,4.32,4.32,1997
488,1997,Pearce Pegross,Baylor,9.88,,31.5,116,4.29,4.29,4.29,4.29,1997
489,1997,Keith Poole,Arizona State,9.25,,31.0,115,4.28,4.28,4.28,4.28,1997
490,1997,Brian Roberson,Frenso State (CA),9.25,,30.5,115,4.14,4.14,4.14,4.14,1997
491,1997,Marcus Robinson,South Carolina,10.25,,37.0,120,9.99,9.99,9.99,9.99,1997
492,1997,Donald Sellers,New Mexico,9.25,,35.5,112,4.53,4.53,4.53,4.53,1997
493,1997,Geroy Simon,Maryland,9.50,,32.0,111,4.49,4.49,4.49,4.49,1997
494,1997,Dimitrious Stanley,Ohio State,9.75,,29.0,105,4.50,4.50,4.50,4.50,1997
495,1997,Robert Tate,Cincinnati,9.25,,30.0,108,4.30,4.30,4.30,4.30,1997
496,1997,Buster Tillman,Ohio State,9.50,,32.5,99,4.10,4.10,4.10,4.10,1997
497,1997,Dedric Ward,Northern Iowa,8.88,,31.0,109,4.14,4.14,4.14,4.14,1997
498,1997,Robert Wilson,Florida A&M,9.00,,31.5,108,4.57,4.57,4.57,4.57,1997
499,1997,Antwuan Wyatt,Bethune-Cookman (FL),9.75,,33.5,107,4.33,4.33,4.33,4.33,1997
500,1998,Brian Alford,Purdue,9.63,,37.0,127,4.04,4.04,4.04,4.04,1998
501,1998,Chris Anderson,Colorado,10.25,,34.0,110,4.30,4.30,4.30,4.30,1998
502,1998,Tutu Atwell,Minnesota,9.50,,32.5,117,4.22,4.22,4.22,4.22,1998
503,1998,Octavus Barnes,North Carolina,9.75,,25.0,111,4.48,4.48,4.48,4.48,1998
504,1998,Magic Benton,Miami (FL),9.63,,30.0,112,4.44,4.44,4.44,4.44,1998
505,1998,Corey Bradford,Jackson State (MS),9.38,,34.5,126,4.36,4.36,4.36,4.36,1998
506,1998,Fred Coleman,Washington,9.00,,34.5,112,4.17,4.17,4.17,4.17,1998
507,1998,Germane Crowell,Virginia,10.00,,,,9.99,9.99,9.99,9.99,1998
508,1998,Damon Dunn,Stanford,9.25,,31.5,114,4.00,4.00,4.00,4.00,1998
509,1998,Kevin Dyson,Utah,10.13,,,,9.99,9.99,9.99,9.99,1998
510,1998,Anthony Eubanks,Arkansas,9.13,,31.5,111,4.17,4.17,4.17,4.17,1998
511,1998,Jammi German,Miami (FL),9.38,,39.5,122,9.99,9.99,9.99,9.99,1998
512,1998,E G Green,Florida State,9.50,,,,9.99,9.99,9.99,9.99,1998
513,1998,Jacquez Green,Florida,8.50,,,,9.99,9.99,9.99,9.99,1998
514,1998,Az-Zahir Hakim,San Diego State,9.25,,36.0,122,4.25,4.25,4.25,4.25,1998
515,1998,Donald Hayes,Wisconsin,9.25,,36.0,123,4.07,4.07,4.07,4.07,1998
516,1998,Tony Horne,Clemson,8.25,,33.0,112,4.29,4.29,4.29,4.29,1998
517,1998,Chris Jackson,Washington State,9.63,,33.5,111,4.10,4.10,4.10,4.10,1998
518,1998,Nakia Jenkins,Utah State,10.38,,34.0,115,9.99,9.99,9.99,9.99,1998
519,1998,Macarthur Johnson,Howard (DC),8.63,,28.0,111,4.34,4.34,4.34,4.34,1998
520,1998,Pat Johnson,Oregon,9.13,,34.5,127,9.99,9.99,9.99,9.99,1998
521,1998,Taj Johnson,San Diego State,9.75,,,,9.99,9.99,9.99,9.99,1998
522,1998,Joe Jurevicius,Penn State,9.50,,31.5,118,4.48,4.48,4.48,4.48,1998
523,1998,Kamil Loud,Cal Poly-SLO,9.63,,32.0,114,4.26,4.26,4.26,4.26,1998
524,1998,Andy Mccullough,Tennessee,9.25,,34.5,118,4.06,4.06,4.06,4.06,1998
525,1998,Harvey Middleton,Georgia Tech,9.13,,32.5,112,4.10,4.10,4.10,4.10,1998
526,1998,Randy Moss,"Marshall (WV)
",9.63,,33.0,117,4.17,4.17,4.17,4.17,1998
527,1998,Brian Musso,Northwestern,9.50,,30.5,109,3.91,3.91,3.91,3.91,1998
528,1998,Marcus Nash,Tennessee,10.13,,,,9.99,9.99,9.99,9.99,1998
529,1998,Pat Palmer,Northwestern State (LA),9.75,,35.0,120,4.24,4.24,4.24,4.24,1998
530,1998,Jerome Pathon,Washington,9.88,,,,9.99,9.99,9.99,9.99,1998
531,1998,Mikhael Ricks,Stephen F. Austin (TX),10.50,,36.0,127,4.03,4.03,4.03,4.03,1998
532,1998,Kio Sanford,Kentucky,9.25,,33.5,111,4.19,4.19,4.19,4.19,1998
533,1998,Larry Shannon,East Carolina (NC),10.13,,,,9.99,9.99,9.99,9.99,1998
534,1998,Tony Simmons,Wisconsin,10.50,,36.5,117,3.96,3.96,3.96,3.96,1998
535,1998,Ryan Thelwell,Minnesota,9.13,,36.0,123,4.00,4.00,4.00,4.00,1998
536,1998,Jason Tucker,Texas Christian,9.63,,37.0,119,4.01,4.01,4.01,4.01,1998
537,1998,Geoff Turner,Colorado State,8.75,,,,9.99,9.99,9.99,9.99,1998
538,1998,Jim Turner,Syracuse,9.88,,35.0,121,4.21,4.21,4.21,4.21,1998
539,1998,Hines Ward,Georgia,9.00,,30.5,110,4.09,4.09,4.09,4.09,1998
540,1998,Toussaint Waterman,Northwestern,9.75,,34.0,118,4.04,4.04,4.04,4.04,1998
541,1998,Alvis Whitted,North Carolina State,10.00,,34.5,128,4.11,4.11,4.11,4.11,1998
542,1998,Ed Williams,Iowa State,10.13,,32.0,108,4.03,4.03,4.03,4.03,1998
543,1999,Karsten Bailey,Auburn,8.38,,40.0,121,3.99,3.99,3.99,3.99,1999
544,1999,Eugene Baker,Kent State (OH),9.50,,36.5,118,4.03,4.03,4.03,4.03,1999
545,1999,D'Wayne Bates,Northwestern,9.00,,37.0,117,4.24,4.24,4.24,4.24,1999
546,1999,David Boston,Ohio State,8.50,,37.0,116,4.09,4.09,4.09,4.09,1999
547,1999,Na Brown,North Carolina,9.88,,30.5,110,4.21,4.21,4.21,4.21,1999
548,1999,Siaha Burley,Central Florida,,,34.0,113,4.16,4.16,4.16,4.16,1999
549,1999,Kenny Cheatham,Nebraska,,,36.0,115,9.99,9.99,9.99,9.99,1999
550,1999,Darrin Chiaverini,Colorado,9.00,,33.0,112,4.16,4.16,4.16,4.16,1999
551,1999,Eddie Conti,Delaware,,,36.0,120,4.04,4.04,4.04,4.04,1999
552,1999,Jermaine Copeland,Tennessee,,,36.0,117,4.28,4.28,4.28,4.28,1999
553,1999,Dameane Douglas,California,9.63,,31.5,119,4.36,4.36,4.36,4.36,1999
554,1999,Troy Edwards,Louisiana Tech,8.50,,36.5,117,4.16,4.16,4.16,4.16,1999
555,1999,John Fassel,Weber State (UT),9.50,,33.5,108,4.09,4.09,4.09,4.09,1999
556,1999,Shawn Foreman,West Virginia,11.00,,32.0,108,4.41,4.41,4.41,4.41,1999
557,1999,Damon Griffin,Oregon,9.00,,36.0,113,4.20,4.20,4.20,4.20,1999
558,1999,Darran Hall,Colorado State,9.00,,34.0,114,4.33,4.33,4.33,4.33,1999
559,1999,Donnie Hart,Texas Tech,,,32.0,111,4.16,4.16,4.16,4.16,1999
560,1999,Torry Holt,North Carolina State,9.63,,37.0,118,9.99,9.99,9.99,9.99,1999
561,1999,Lenzie Jackson,Arizona State,9.50,,35.0,115,4.29,4.29,4.29,4.29,1999
562,1999,Quincy Jackson,Alabama,,,31.0,116,4.29,4.29,4.29,4.29,1999
563,1999,MarTay Jenkins,Nebraska-Omaha,9.38,,39.5,116,4.18,4.18,4.18,4.18,1999
564,1999,Kevin Johnson,Syracuse,10.00,,36.5,115,3.86,3.86,3.86,3.86,1999
565,1999,Daniel Jones,Utah,9.00,,37.0,113,4.49,4.49,4.49,4.49,1999
566,1999,Jeremy McDaniel,Arizona,8.25,,33.5,112,4.32,4.32,4.32,4.32,1999
567,1999,Darnell McDonald,Kansas State,9.38,,34.0,108,4.24,4.24,4.24,4.24,1999
568,1999,Wane McGarity,Texas,8.38,,33.0,111,4.36,4.36,4.36,4.36,1999
569,1999,Travis McGriff,Florida,,,35.5,113,4.13,4.13,4.13,4.13,1999
570,1999,Rondel Menendez,Eastern Kentucky,,,37.0,117,3.96,3.96,3.96,3.96,1999
571,1999,Billy Miller,Southern California,10.25,,34.5,113,4.28,4.28,4.28,4.28,1999
572,1999,Dee Miller,Ohio State,9.25,,33.5,,4.31,4.31,4.31,4.31,1999
573,1999,Kenny Mitchell,Arizona State,9.75,,37.0,118,9.99,9.99,9.99,9.99,1999
574,1999,Tywan Mitchell,Minnesota State,,,30.5,108,9.99,9.99,9.99,9.99,1999
575,1999,Joe Nastasi,Penn State,9.75,,37.0,116,4.06,4.06,4.06,4.06,1999
576,1999,Larry Parker,Southern California,9.50,,35.5,118,9.99,9.99,9.99,9.99,1999
577,1999,Chad Plummer,Cincinnati,10.25,,33.0,113,4.18,4.18,4.18,4.18,1999
578,1999,Peerless Price,Tennessee,10.00,,35.0,116,4.09,4.09,4.09,4.09,1999
579,1999,David Saunders,West Virginia,9.25,,32.0,112,9.99,9.99,9.99,9.99,1999
580,1999,Tony Small,Georgia,9.63,,35.0,115,4.32,4.32,4.32,4.32,1999
581,1999,Troy Smith,East Carolina (NC),8.25,,35.5,112,4.24,4.24,4.24,4.24,1999
582,1999,Creig Spann,Arizona State,,,36.5,117,3.86,3.86,3.86,3.86,1999
583,1999,LC Stevens,North Carolina,9.25,,35.0,116,4.24,4.24,4.24,4.24,1999
584,1999,Brandon Stokley,Louisiana-Lafayette,,,35.5,118,4.01,4.01,4.01,4.01,1999
585,1999,Tai Streets,Michigan,8.25,,37.0,118,9.99,9.99,9.99,9.99,1999
586,1999,Derrius Thompson,Baylor,9.63,,41.5,112,4.13,4.13,4.13,4.13,1999
587,1999,Michael Vaughn,Alabama,,,33.5,113,4.32,4.32,4.32,4.32,1999
588,1999,Gerald Williams,Oklahoma,,,35.5,117,3.96,3.96,3.96,3.96,1999
589,1999,Craig Yeast,Kentucky,9.00,,32.5,112,4.14,4.14,4.14,4.14,1999
590,2000,Plaxico Burress,Michigan State,9.50,,33.0,115,,,,,2000
591,2000,Kwame Cavil,Texas,10.00,,39.5,118,9.99,9.99,9.99,9.99,2000
592,2000,Chris Cole,Texas A&M,9.50,,37.5,125,4.09,4.09,4.09,4.09,2000
593,2000,Chris Coleman,North Carolina State,9.13,,32.5,110,4.10,4.10,4.10,4.10,2000
594,2000,Laveranues Coles,Florida State,9.00,,34.0,115,4.39,4.39,4.39,4.39,2000
595,2000,JaJuan Dawson,Tulane (LA),,,34.0,117,4.16,4.16,4.16,4.16,2000
596,2000,Ron Dugans,Florida State,10.00,,,117,9.99,9.99,9.99,9.99,2000
597,2000,Larry Foster,Louisiana State,9.25,,37.0,121,4.06,4.06,4.06,4.06,2000
598,2000,Trevor Gaylor,Miami (OH),9.50,,37.5,121,4.29,4.29,4.29,4.29,2000
599,2000,Sherrod Gideon,Southern Mississippi,9.00,,,,9.99,9.99,9.99,9.99,2000
600,2000,Windrell Hayes,Southern California,,,,,4.18,4.18,4.18,4.18,2000
601,2000,Darrell Jackson,Florida,9.50,,,,9.99,9.99,9.99,9.99,2000
602,2000,Marcus Knight,Michigan,8.50,,28.5,106,4.38,4.38,4.38,4.38,2000
603,2000,Charles Lee,Central Florida,9.25,,35.5,125,4.25,4.25,4.25,4.25,2000
604,2000,Anthony Lucas,Arkansas,8.88,,35.0,121,9.99,9.99,9.99,9.99,2000
605,2000,Scottie Montgomery,Duke,10.00,,36.0,117,4.11,4.11,4.11,4.11,2000
606,2000,Wendell Montgomery,Wyoming,9.00,,35.5,117,4.24,4.24,4.24,4.24,2000
607,2000,Muneer Moore,Richmond (VA),,,37.5,129,4.09,4.09,4.09,4.09,2000
608,2000,Sylvester Morris,Jackson State (MS),10.75,,34.5,119,4.17,4.17,4.17,4.17,2000
609,2000,Dennis Northcutt,Arizona,10.13,,37.5,123,4.04,4.04,4.04,4.04,2000
610,2000,Mareno Philyaw,Troy (AL),9.38,,39.5,129,4.13,4.13,4.13,4.13,2000
611,2000,Gari Scott,Michigan State,9.13,,33.5,119,9.99,9.99,9.99,9.99,2000
612,2000,R.Jay Soward,Southern California,9.50,,35.0,124,9.99,9.99,9.99,9.99,2000
613,2000,Quinton Spotwood,Syracuse,9.13,,33.5,123,9.99,9.99,9.99,9.99,2000
614,2000,Travis Taylor,Florida,9.25,,37.0,118,9.99,9.99,9.99,9.99,2000
615,2000,Troy Walters,Stanford,9.00,,32.5,106,3.84,3.84,3.84,3.84,2000
616,2000,Dez White,Georgia Tech,10.13,,37.5,124,4.09,4.09,4.09,4.09,2000
617,2000,James Williams,Marshall (WV),9.63,,36.0,123,4.16,4.16,4.16,4.16,2000
618,2000,Bashir Yamini,Iowa,10.00,,33.0,130,4.18,4.18,4.18,4.18,2000
619,2001,Scotty Anderson,Grambling State (LA),7.50,,34.5,115,,,,,2001
620,2001,Alex Bannister,Eastern Kentucky,8.50,,30.5,110,9.99,9.99,9.99,9.99,2001
621,2001,Eddie Berlin,Northern Iowa,8.50,,39.5,122,4.06,4.06,4.06,4.06,2001
622,2001,John Capel,Florida,8.50,,36.5,126,9.99,9.99,9.99,9.99,2001
623,2001,Jonathan Carter,Troy (AL),8.00,,42.5,134,4.25,4.25,4.25,4.25,2001
624,2001,Chris Chambers,Wisconsin,9.00,,45.0,134,4.00,4.00,4.00,4.00,2001
625,2001,Robert Ferguson,Texas A&M,,,36.5,120,4.07,4.07,4.07,4.07,2001
626,2001,Richmond Flowers,Tennessee-Chattanooga,9.50,,35.5,114,3.96,3.96,3.96,3.96,2001
627,2001,Rod Gardner,Clemson,10.00,,36.0,,9.99,9.99,9.99,9.99,2001
628,2001,Reggie Germany,Ohio State,9.00,,32.0,,9.99,9.99,9.99,9.99,2001
629,2001,Margin Hooks,Brigham Young,9.00,,36.0,116,4.18,4.18,4.18,4.18,2001
630,2001,Cedric James,Texas Christian,10.50,,43.0,134,9.99,9.99,9.99,9.99,2001
631,2001,Chad Johnson,Oregon State,9.50,,33.0,108,4.14,4.14,4.14,4.14,2001
632,2001,Kevin Kasper,Iowa,9.50,,43.5,126,3.73,3.73,3.73,3.73,2001
633,2001,Andre King,Miami (FL),9.50,,35.5,,9.99,9.99,9.99,9.99,2001
634,2001,David Martin,Tennessee,9.00,,37.0,127,9.99,9.99,9.99,9.99,2001
635,2001,Justin McCareins,Northern Illinois,9.50,,41.0,129,3.99,3.99,3.99,3.99,2001
636,2001,Quentin McCord,Kentucky,8.00,,36.5,112,4.18,4.18,4.18,4.18,2001
637,2001,Shawn Mills,Southern Mississippi,8.00,,34.5,116,4.15,4.15,4.15,4.15,2001
638,2001,Snoop Minnis,Florida State,,,37.5,115,4.07,4.07,4.07,4.07,2001
639,2001,Freddie Mitchell,UCLA,8.50,,39.5,120,4.06,4.06,4.06,4.06,2001
640,2001,Quincy Morgan,Kansas State,8.50,,33.0,,9.99,9.99,9.99,9.99,2001
641,2001,Santana Moss,Miami (FL),8.50,,42.0,,9.99,9.99,9.99,9.99,2001
642,2001,Bobby Newcombe,Nebraska,9.50,,37.0,117,3.98,3.98,3.98,3.98,2001
643,2001,Nate Poole,Marshall (WV),9.00,,32.5,112,4.22,4.22,4.22,4.22,2001
644,2001,Ken-Yon Rambo,Ohio State,8.00,,39.0,,9.99,9.99,9.99,9.99,2001
645,2001,Koren Robinson,North Carolina State,9.00,,38.5,123,9.99,9.99,9.99,9.99,2001
646,2001,Steve Smith,Utah,9.25,,38.5,121,4.25,4.25,4.25,4.25,2001
647,2001,Vinny Sutherland,Purdue,8.50,,32.5,,9.99,9.99,9.99,9.99,2001
648,2001,Chris Taylor,Texas A&M,7.50,,35.5,115,3.93,3.93,3.93,3.93,2001
649,2001,David Terrell,Michigan,9.25,,38.0,,9.99,9.99,9.99,9.99,2001
650,2001,Reggie Wayne,Miami (FL),9.00,,36.0,,9.99,9.99,9.99,9.99,2001
651,2001,Marcus Williams,Washington State,,,41.0,130,4.20,4.20,4.20,4.20,2001
652,2001,Cedrick Wilson,Tennessee,9.50,,38.0,123,9.99,9.99,9.99,9.99,2001
653,2002,Deion Branch,Louisville,8.13,,36.0,115,3.76,3.76,3.76,3.76,2002
654,2002,Antonio Bryant,Pittsburgh,9.00,,37.0,118,9.99,9.99,9.99,9.99,2002
655,2002,Reche Caldwell,Florida,9.75,,41.5,128,4.10,4.10,4.10,4.10,2002
656,2002,Kelly Campbell,Georgia Tech,8.00,,,,9.99,9.99,9.99,9.99,2002
657,2002,Tim Carter,Auburn,8.75,,39.0,124,3.93,3.93,3.93,3.93,2002
658,2002,Terry Charles,Portland State (OR),9.13,,36.5,122,4.09,4.09,4.09,4.09,2002
659,2002,Andre' Davis,Virginia Tech,8.50,,39.5,117,4.10,4.10,4.10,4.10,2002
660,2002,RJ English,Pittsburgh,9.25,,37.5,119,4.11,4.11,4.11,4.11,2002
661,2002,Jabar Gaffney,Florida,7.50,,,,4.06,4.06,4.06,4.06,2002
662,2002,David Givens,Notre Dame,9.25,,40.5,124,4.13,4.13,4.13,4.13,2002
663,2002,Herb Haygood,Michigan State,8.25,,33.0,112,4.26,4.26,4.26,4.26,2002
664,2002,Kahlil Hill,Iowa,8.75,,35.0,,9.99,9.99,9.99,9.99,2002
665,2002,Javin Hunter,Notre Dame,8.00,,41.0,126,4.04,4.04,4.04,4.04,2002
666,2002,Emmett Johnson,Virginia Tech,9.50,,39.0,120,4.10,4.10,4.10,4.10,2002
667,2002,Ron Johnson,Minnesota,8.75,,34.5,116,4.02,4.02,4.02,4.02,2002
668,2002,Aaron Lockett,Kansas State,7.13,,35.0,112,4.11,4.11,4.11,4.11,2002
669,2002,Lee Mays,Texas-El Paso,,,32.5,119,4.17,4.17,4.17,4.17,2002
670,2002,Jason McAddley,Alabama,8.50,,36.5,120,4.09,4.09,4.09,4.09,2002
671,2002,Freddie Milons,Alabama,8.75,,33.5,112,9.99,9.99,9.99,9.99,2002
672,2002,Kendall Newson,Middle Tennessee State,9.00,,33.5,113,4.27,4.27,4.27,4.27,2002
673,2002,Brian Poli-Dixon,UCLA,9.00,,,,9.99,9.99,9.99,9.99,2002
674,2002,Antwaan Randle El,Indiana,9.50,,,,9.99,9.99,9.99,9.99,2002
675,2002,Cliff Russell,Utah,9.00,,,,9.99,9.99,9.99,9.99,2002
676,2002,Jake Schifino,Akron,9.25,,,,9.99,9.99,9.99,9.99,2002
677,2002,Lawrence Story,Jackson State (MS),9.00,,33.5,110,4.16,4.16,4.16,4.16,2002
678,2002,Ryan Tolhurst,Richmond (VA),10.00,,38.0,122,3.88,3.88,3.88,3.88,2002
679,2002,Javon Walker,Florida State,9.75,,39.5,124,4.05,4.05,4.05,4.05,2002
680,2003,Sam Aiken,North Carolina,10.00,,39.5,121,,,,,2003
681,2003,Arnaz Battle,Notre Dame,,,35.0,117,4.06,4.06,4.06,4.06,2003
682,2003,Ronald Bellamy,Michigan,9.25,,30.5,119,4.09,4.09,4.09,4.09,2003
683,2003,Anquan Boldin,Florida State,9.88,,33.5,114,4.25,4.25,4.25,4.25,2003
684,2003,Nate Burleson,Nevada,,,42.5,126,4.16,4.16,4.16,4.16,2003
685,2003,Tyrone Calico,Middle Tennessee State,9.63,,38.0,127,4.20,4.20,4.20,4.20,2003
686,2003,Kevin Curtis,Utah State,9.38,,36.0,122,3.96,3.96,3.96,3.96,2003
687,2003,LaTarence Dunbar,Texas Christian,9.00,,34.0,122,4.30,4.30,4.30,4.30,2003
688,2003,Doug Gabriel,Central Florida,9.88,,35.5,116,4.15,4.15,4.15,4.15,2003
689,2003,Talman Gardner,Florida State,8.13,,34.5,116,4.41,4.41,4.41,4.41,2003
690,2003,Ryan Hoag,Gustavus Adolphus (MN),,,38.0,125,3.95,3.95,3.95,3.95,2003
691,2003,Keenan Howry,Oregon,8.88,,31.5,114,4.24,4.24,4.24,4.24,2003
692,2003,Andre Johnson,Miami (FL),9.13,,39.0,132,9.99,9.99,9.99,9.99,2003
693,2003,Bethel Johnson,Texas A&M,8.50,,38.5,127,9.99,9.99,9.99,9.99,2003
694,2003,Teyo Johnson,Stanford,10.25,,33.5,,9.99,9.99,9.99,9.99,2003
695,2003,Kareem Kelly,Southern California,8.50,,35.0,125,4.14,4.14,4.14,4.14,2003
696,2003,Brandon Lloyd,Illinois,9.00,,36.0,,9.99,9.99,9.99,9.99,2003
697,2003,Adrian Madise,Texas Christian,9.75,,32.0,119,4.23,4.23,4.23,4.23,2003
698,2003,Reno Mahe,Brigham Young,9.63,,32.0,109,4.14,4.14,4.14,4.14,2003
699,2003,Kassim Osgood,San Diego State,9.50,,31.0,122,4.40,4.40,4.40,4.40,2003
700,2003,J.R. Tolver,San Diego State,9.38,,36.0,119,4.16,4.16,4.16,4.16,2003
701,2003,Bobby Wade,Arizona,9.75,,34.5,115,4.03,4.03,4.03,4.03,2003
702,2003,Walter Young,Illinois,10.63,,39.0,121,4.22,4.22,4.22,4.22,2003
703,2004,Derek Abney,Kentucky,9.13,,33.5,120,4.08,4.08,4.08,4.08,2004
704,2004,Bernard Berrian,Frenso State (CA),9.50,,38.0,128,4.18,4.18,4.18,4.18,2004
705,2004,Maurice Brown,Iowa,9.63,,33.0,117,4.21,4.21,4.21,4.21,2004
706,2004,Michael Clayton,Louisiana State,9.13,,32.5,116,4.09,4.09,4.09,4.09,2004
707,2004,Chris Collins,Mississippi,8.50,,35.0,112,9.99,9.99,9.99,9.99,2004
708,2004,Terrance Copper,East Carolina (NC),8.88,,35.5,116,4.31,4.31,4.31,4.31,2004
709,2004,Jerricho Cotchery,North Carolina State,9.50,,36.0,121,3.91,3.91,3.91,3.91,2004
710,2004,Tom Crowder,Arkansas,,,38.5,132,9.99,9.99,9.99,9.99,2004
711,2004,Lane Danielson,Iowa State,,,31.0,117,4.07,4.07,4.07,4.07,2004
712,2004,Devard Darling,Washington State,9.63,,37.0,129,9.99,9.99,9.99,9.99,2004
713,2004,Lee Evans,Wisconsin,9.13,,34.5,120,9.99,9.99,9.99,9.99,2004
714,2004,Carlos Francis,Texas Tech,10.13,,38.5,114,4.06,4.06,4.06,4.06,2004
715,2004,D.J. Hackett,Colorado,9.50,,41.0,131,4.08,4.08,4.08,4.08,2004
716,2004,Justin Jenkins,Mississippi State,9.38,,35.0,123,4.16,4.16,4.16,4.16,2004
717,2004,Tony Johnson,Penn State,9.38,,32.5,118,4.16,4.16,4.16,4.16,2004
718,2004,Triandos Luke,Alabama,9.88,,38.0,124,4.17,4.17,4.17,4.17,2004
719,2004,Maurice Mann,Nevada,,,34.0,118,9.99,9.99,9.99,9.99,2004
720,2004,Derek McCoy,Colorado,9.25,,38.0,128,4.09,4.09,4.09,4.09,2004
721,2004,Jeris McIntyre,Auburn,8.50,,29.0,112,4.08,4.08,4.08,4.08,2004
722,2004,Clarence Moore,Northern Arizona,,,34.0,122,4.21,4.21,4.21,4.21,2004
723,2004,Johnnie Morant,Syracuse,9.38,,41.0,130,4.22,4.22,4.22,4.22,2004
724,2004,James Newson,Oregon State,8.75,,31.5,116,9.99,9.99,9.99,9.99,2004
725,2004,Samie Parker,Oregon,8.88,,36.0,,9.99,9.99,9.99,9.99,2004
726,2004,P.K. Sam,Florida State,8.25,,34.5,,9.99,9.99,9.99,9.99,2004
727,2004,Freddie Smith,Georgia Tech,9.75,,32.5,114,4.40,4.40,4.40,4.40,2004
728,2004,John Standeford,Purdue,9.00,,32.5,113,4.08,4.08,4.08,4.08,2004
729,2004,Kendrick Starling,San Jose State,8.25,,31.5,119,3.87,3.87,3.87,3.87,2004
730,2004,Andrae Thurman,Southern Oregon,8.88,,34.5,121,4.30,4.30,4.30,4.30,2004
731,2004,Ernest Wilford,Virginia Tech,9.50,,40.5,130,4.17,4.17,4.17,4.17,2004
732,2004,George Wilson,Arkansas,9.25,,35.0,120,3.98,3.98,3.98,3.98,2004
733,2004,Rashaun Woods,Oklahoma State,10.13,,39.0,125,3.97,3.97,3.97,3.97,2004
734,2005,Larry Brackins,Pearl River (MS),8.50,,35.0,108,4.44,4.44,4.44,4.44,2005
735,2005,Mark Bradley,Oklahoma,8.88,,39.5,128,3.98,3.98,3.98,3.98,2005
736,2005,Craig Bragg,UCLA,9.75,,36.0,,9.99,9.99,9.99,9.99,2005
737,2005,Reggie Brown,Georgia,9.38,,41.5,128,3.94,3.94,3.94,3.94,2005
738,2005,Mark Clayton,Oklahoma,9.13,,36.5,117,4.07,4.07,4.07,4.07,2005
739,2005,Airese Currie,Clemson,8.00,,38.0,125,4.07,4.07,4.07,4.07,2005
740,2005,Josh Davis,Marshall (WV),9.38,,37.5,118,4.22,4.22,4.22,4.22,2005
741,2005,Braylon Edwards,Michigan,9.88,,,,9.99,9.99,9.99,9.99,2005
742,2005,Charles Frederick,Washington,,,33.0,108,4.25,4.25,4.25,4.25,2005
743,2005,Fred Gibson,Georgia,9.00,,38.5,126,4.10,4.10,4.10,4.10,2005
744,2005,Howard Gilmore,Norfolk State (VA),10.13,,36.0,113,4.44,4.44,4.44,4.44,2005
745,2005,Reggie Harrell,Texas Christian,9.63,,35.0,111,4.11,4.11,4.11,4.11,2005
746,2005,Chris Henry,West Virginia,,,,,9.99,9.99,9.99,9.99,2005
747,2005,Efrem Hill,Samford (AL),9.25,,37.5,123,4.07,4.07,4.07,4.07,2005
748,2005,Vincent Jackson,Northern Colorado,9.63,,39.0,,9.99,9.99,9.99,9.99,2005
749,2005,Brandon Jones,Oklahoma,10.00,,37.0,114,4.08,4.08,4.08,4.08,2005
750,2005,Chase Lyman,California,9.88,,,,9.99,9.99,9.99,9.99,2005
751,2005,Tony Madison,Hampton (VA),,,39.0,121,4.31,4.31,4.31,4.31,2005
752,2005,Tommy Manus,Morgan State (MD),10.13,,38.0,120,4.34,4.34,4.34,4.34,2005
753,2005,Jerome Mathis,Hampton (VA),,,35.5,123,9.99,9.99,9.99,9.99,2005
754,2005,Leron McCoy,Indiana (PA),9.38,,37.0,119,4.21,4.21,4.21,4.21,2005
755,2005,Terrence Murphy,Texas A&M,9.38,,,,9.99,9.99,9.99,9.99,2005
756,2005,Chad Owens,Hawaii,9.63,,37.0,110,3.94,3.94,3.94,3.94,2005
757,2005,Roscoe Parrish,Miami (FL),8.63,,,,9.99,9.99,9.99,9.99,2005
758,2005,Tab Perry,UCLA,10.00,,34.0,116,9.99,9.99,9.99,9.99,2005
759,2005,Jamaica Rector,Northwest Missouri State,9.63,,36.5,119,4.13,4.13,4.13,4.13,2005
760,2005,Dante Ridgeway,Ball State (IN),8.50,,33.0,117,4.39,4.39,4.39,4.39,2005
761,2005,Courtney Roby,Indiana,9.63,,36.5,125,3.94,3.94,3.94,3.94,2005
762,2005,J.R. Russell,Louisville,9.63,,34.5,,9.99,9.99,9.99,9.99,2005
763,2005,Steve Savoy,Utah,9.50,,,,9.99,9.99,9.99,9.99,2005
764,2005,Dan Sheldon,Northern Illinois,9.13,,,,9.99,9.99,9.99,9.99,2005
765,2005,Chauncey Stovall,Florida State,9.63,,,,9.99,9.99,9.99,9.99,2005
766,2005,Paris Warren,Utah,9.88,,31.5,,9.99,9.99,9.99,9.99,2005
767,2005,Mike Williams,Southern California,8.88,,36.5,,9.99,9.99,9.99,9.99,2005
768,2005,Troy Williamson,South Carolina,9.38,,37.0,,4.18,4.18,4.18,4.18,2005
769,2006,David Anderson,Colorado State,9.50,,34.0,116,4.20,4.20,4.20,4.20,2006
770,2006,Devin Aromashodu,Auburn,9.13,,39.0,120,4.16,4.16,4.16,4.16,2006
771,2006,Miles Austin,Monmouth (NJ),10.00,,40.5,123,4.14,4.14,4.14,4.14,2006
772,2006,Hank Baskett,New Mexico,9.13,,35.0,119,4.17,4.17,4.17,4.17,2006
773,2006,Damarius Bilbo,Georgia Tech,9.38,,36.5,115,4.18,4.18,4.18,4.18,2006
774,2006,Jeremy Bloom,Colorado,9.00,,,,9.99,9.99,9.99,9.99,2006
775,2006,Jovon Bouknight,Wyoming,8.88,,34.0,120,4.03,4.03,4.03,4.03,2006
776,2006,Jason Carter,Texas A&M,9.75,,33.0,116,4.21,4.21,4.21,4.21,2006
777,2006,Marques Colston,Hofstra (NY),9.50,,37.0,123,4.43,4.43,4.43,4.43,2006
778,2006,Chris Denney,Nebraska-Omaha,10.00,,33.0,110,4.33,4.33,4.33,4.33,2006
779,2006,Skyler Green,Louisiana State,8.38,,34.0,118,9.99,9.99,9.99,9.99,2006
780,2006,Derek Hagan,Arizona State,8.88,,36.0,124,4.07,4.07,4.07,4.07,2006
781,2006,Chris Hannon,Tennessee,9.75,,34.5,122,9.99,9.99,9.99,9.99,2006
782,2006,Mike Hass,Oregon State,9.50,,32.0,116,4.14,4.14,4.14,4.14,2006
783,2006,Devin Hester,Miami (FL),9.00,,38.0,124,9.99,9.99,9.99,9.99,2006
784,2006,Ed Hinkel,Iowa,7.88,,34.0,116,4.10,4.10,4.10,4.10,2006
785,2006,Chad Jackson,Florida,9.25,,38.5,122,3.97,3.97,3.97,3.97,2006
786,2006,Adam Jennings,Frenso State (CA),8.63,,37.5,118,4.12,4.12,4.12,4.12,2006
787,2006,Greg Jennings,Western Michigan,9.13,,36.5,117,4.16,4.16,4.16,4.16,2006
788,2006,Greg Lee,Pittsburgh,8.50,,35.5,114,4.09,4.09,4.09,4.09,2006
789,2006,Brandon Marshall,Central Florida,8.88,,37.0,120,4.09,4.09,4.09,4.09,2006
790,2006,Anthony Mix,Auburn,9.63,,31.5,111,9.99,9.99,9.99,9.99,2006
791,2006,Sinorice Moss,Miami (FL),9.00,,,,9.99,9.99,9.99,9.99,2006
792,2006,Martin Nance,Miami (OH),10.38,,33.5,112,4.08,4.08,4.08,4.08,2006
793,2006,Ben Obomanu,Auburn,,,38.0,116,4.21,4.21,4.21,4.21,2006
794,2006,Jonathan Orr,Wisconsin,9.63,,35.5,119,4.16,4.16,4.16,4.16,2006
795,2006,Willie Reid,Florida State,9.25,,37.5,117,4.26,4.26,4.26,4.26,2006
796,2006,Cory Rodgers,Texas Christian,9.00,,33.5,110,4.19,4.19,4.19,4.19,2006
797,2006,Richie Ross,Nebraska-Kearney,9.50,,37.0,120,4.29,4.29,4.29,4.29,2006
798,2006,Brad Smith,Missouri,10.00,,39.5,128,4.33,4.33,4.33,4.33,2006
799,2006,Clinton Solomon,Iowa,9.75,,33.0,114,4.46,4.46,4.46,4.46,2006
800,2006,Maurice Stovall,Notre Dame,9.63,,35.0,122,4.14,4.14,4.14,4.14,2006
801,2006,Delanie Walker,Central Missouri,9.75,,36.5,118,9.99,9.99,9.99,9.99,2006
802,2006,Todd Watkins,Brigham Young,9.25,,36.0,118,4.24,4.24,4.24,4.24,2006
803,2006,Jeff Webb,San Diego State,9.38,,37.0,126,4.08,4.08,4.08,4.08,2006
804,2006,Brandon Williams,Wisconsin,8.38,,34.5,115,4.07,4.07,4.07,4.07,2006
805,2006,Travis Wilson,Oklahoma,9.50,,36.5,120,3.99,3.99,3.99,3.99,2006
806,2007,Aundrae Allison,East Carolina (NC),9.00,,37.0,127,,,,,2007
807,2007,Dallas Baker,Florida,10.13,,36.0,129,4.19,4.19,4.19,4.19,2007
808,2007,Dwayne Bowe,Louisiana State,9.63,,33.0,125,4.35,4.35,4.35,4.35,2007
809,2007,Steve Breaston,Michigan,9.25,,33.0,124,4.29,4.29,4.29,4.29,2007
810,2007,David Clowney,Virginia Tech,10.25,,32.5,123,4.15,4.15,4.15,4.15,2007
811,2007,Jemalle Cornelius,Florida,9.75,,34.5,123,4.30,4.30,4.30,4.30,2007
812,2007,Chris Davis,Florida State,9.13,,35.5,115,4.14,4.14,4.14,4.14,2007
813,2007,Aaron Fairooz,Central Arkansas,10.00,,36.0,125,4.27,4.27,4.27,4.27,2007
814,2007,Yamon Figurs,Kansas State,8.63,,,123,4.21,4.21,4.21,4.21,2007
815,2007,Joel Filani,Texas Tech,9.13,,32.5,117,9.99,9.99,9.99,9.99,2007
816,2007,Anthony Gonzalez,Ohio State,9.38,,38.0,123,4.08,4.08,4.08,4.08,2007
817,2007,Jarrett Hicks,Texas Tech,9.50,,34.5,120,9.99,9.99,9.99,9.99,2007
818,2007,JohnnieLee Higgins,Texas-El Paso,9.38,,36.5,122,4.32,4.32,4.32,4.32,2007
819,2007,Jason Hill,Washington State,9.63,,37.0,123,4.22,4.22,4.22,4.22,2007
820,2007,Johnathan Holland,Louisiana Tech,9.25,,35.5,120,4.40,4.40,4.40,4.40,2007
821,2007,Drisan James,Boise State,9.75,,39.0,129,4.39,4.39,4.39,4.39,2007
822,2007,Calvin Johnson,Georgia Tech,9.75,,,,9.99,9.99,9.99,9.99,2007
823,2007,Jacoby Jones,Lane College (TN),8.13,,34.0,129,4.31,4.31,4.31,4.31,2007
824,2007,James Jones,San Jose State,10.00,,34.0,119,4.20,4.20,4.20,4.20,2007
825,2007,Marquay McDaniel,Hampton (VA),9.00,,33.5,114,4.35,4.35,4.35,4.35,2007
826,2007,Robert Meachem,Tennessee,9.38,,37.5,121,4.31,4.31,4.31,4.31,2007
827,2007,Ryan Moore,Miami (FL),9.00,,32.0,110,4.35,4.35,4.35,4.35,2007
828,2007,Legedu Naanee,Boise State,9.50,,40.0,119,9.99,9.99,9.99,9.99,2007
829,2007,Syvelle Newton,South Carolina,10.00,,,,9.99,9.99,9.99,9.99,2007
830,2007,Jerard Rabb,Boise State,10.38,,36.5,125,4.19,4.19,4.19,4.19,2007
831,2007,Sidney Rice,South Carolina,9.75,,39.5,119,4.34,4.34,4.34,4.34,2007
832,2007,Laurent Robinson,Illinois State,9.00,,39.0,127,4.28,4.28,4.28,4.28,2007
833,2007,Ryne Robinson,Miami (OH),9.38,,35.0,123,4.21,4.21,4.21,4.21,2007
834,2007,Steve Smith,Southern California,9.38,,38.0,120,4.19,4.19,4.19,4.19,2007
835,2007,Syndric Steptoe,Arizona,10.00,,33.0,,9.99,9.99,9.99,9.99,2007
836,2007,Chansi Stuckey,Clemson,10.00,,35.0,120,4.14,4.14,4.14,4.14,2007
837,2007,Jayson Swain,Tennessee,8.88,,33.0,,9.99,9.99,9.99,9.99,2007
838,2007,Courtney Taylor,Auburn,9.50,,36.0,122,4.28,4.28,4.28,4.28,2007
839,2007,Matt Trannon,Michigan State,9.00,,36.5,118,4.34,4.34,4.34,4.34,2007
840,2007,Mike Walker,Central Florida,9.25,,36.5,121,4.39,4.39,4.39,4.39,2007
841,2007,Chandler Williams,Florida International,8.00,,32.5,123,4.29,4.29,4.29,4.29,2007
842,2007,Paul Williams,Frenso State (CA),10.25,,38.5,125,4.24,4.24,4.24,4.24,2007
843,2007,D'Juan Woods,Oklahoma State,10.50,,36.5,120,4.34,4.34,4.34,4.34,2007
844,2008,Donnie Avery,Houston,9.63,,,,,,,,2008
845,2008,Earl Bennett,Vanderbilt,9.50,,26.0,110,4.22,4.22,4.22,4.22,2008
846,2008,Davone Bess,Hawaii,9.00,,31.5,118,4.27,4.27,4.27,4.27,2008
847,2008,Todd Blythe,Iowa State,9.25,,31.5,118,4.23,4.23,4.23,4.23,2008
848,2008,Adarius Bowman,Oklahoma State,9.50,,,,9.99,9.99,9.99,9.99,2008
849,2008,Mark Bradford,Stanford,9.75,,36.5,120,4.47,4.47,4.47,4.47,2008
850,2008,Brandon Breazell,UCLA,8.75,,30.5,115,9.99,9.99,9.99,9.99,2008
851,2008,Dorien Bryant,Purdue,9.13,,,119,4.24,4.24,4.24,4.24,2008
852,2008,Keenan Burton,Kentucky,9.50,,38.5,125,4.20,4.20,4.20,4.20,2008
853,2008,Andre Caldwell,Florida,9.13,,33.0,124,4.11,4.11,4.11,4.11,2008
854,2008,Harry Douglas,Louisville,8.25,,31.0,120,4.12,4.12,4.12,4.12,2008
855,2008,Will Franklin,Missouri,9.75,,34.5,,9.99,9.99,9.99,9.99,2008
856,2008,Pierre Garcon,Mount Union (OH),9.50,,36.5,125,4.19,4.19,4.19,4.19,2008
857,2008,Ryan Grice-Mullen,Hawaii,9.00,,27.5,118,4.16,4.16,4.16,4.16,2008
858,2008,D.J. Hall,Alabama,9.25,,29.5,122,9.99,9.99,9.99,9.99,2008
859,2008,James Hardy,Indiana,10.25,,31.5,125,4.20,4.20,4.20,4.20,2008
860,2008,Justin Harper,Virginia Tech,9.25,,28.5,120,4.43,4.43,4.43,4.43,2008
861,2008,Lavelle Hawkins,California,9.50,,,117,9.99,9.99,9.99,9.99,2008
862,2008,Marcus Henry,Kansas,9.00,,31.5,126,4.30,4.30,4.30,4.30,2008
863,2008,Paul Hubbard,Wisconsin,8.50,,29.5,126,9.99,9.99,9.99,9.99,2008
864,2008,DeSean Jackson,California,9.38,,,120,9.99,9.99,9.99,9.99,2008
865,2008,Dexter Jackson,Appalachian State (NC),8.63,,29.5,122,4.38,4.38,4.38,4.38,2008
866,2008,Jaymar Johnson,Jackson State (MS),9.00,,32.0,118,4.18,4.18,4.18,4.18,2008
867,2008,Steve Johnson,Kentucky,9.63,,32.5,121,4.26,4.26,4.26,4.26,2008
868,2008,Mario Manningham,Michigan,9.00,,32.0,117,4.27,4.27,4.27,4.27,2008
869,2008,Shaheer McBride,Delaware State,9.63,,29.0,112,4.48,4.48,4.48,4.48,2008
870,2008,Marcus Monk,Arkansas,9.75,,34.5,119,4.30,4.30,4.30,4.30,2008
871,2008,Kenneth Moore,Wake Forest,9.00,,28.0,120,4.30,4.30,4.30,4.30,2008
872,2008,Jordy Nelson,Kansas State,10.00,,31.0,123,4.35,4.35,4.35,4.35,2008
873,2008,Darius Reynaud,West Virginia,8.63,,34.5,130,4.32,4.32,4.32,4.32,2008
874,2008,Jason Rivers,Hawaii,9.63,,30.0,118,4.32,4.32,4.32,4.32,2008
875,2008,Kevin Robinson,Utah State,9.38,,27.5,115,4.77,4.77,4.77,4.77,2008
876,2008,Eddie Royal,Virginia Tech,8.63,,36.0,124,4.34,4.34,4.34,4.34,2008
877,2008,Arman Shields,Richmond (VA),9.75,,37.5,128,3.96,3.96,3.96,3.96,2008
878,2008,Jerome Simpson,Coastal Carolina (SC),11.00,,37.5,136,4.52,4.52,4.52,4.52,2008
879,2008,Marcus Smith,New Mexico,9.13,,26.5,111,4.42,4.42,4.42,4.42,2008
880,2008,Taj Smith,Syracuse,8.75,,35.0,119,4.50,4.50,4.50,4.50,2008
881,2008,Limas Sweed,Texas,9.50,,35.0,,9.99,9.99,9.99,9.99,2008
882,2008,Devin Thomas,Michigan State,10.13,,28.0,126,4.26,4.26,4.26,4.26,2008
883,2008,Mario Urrutia,Louisville,10.25,,30.0,115,4.44,4.44,4.44,4.44,2008
884,2009,Ramses Barden,Cal Poly,,,33.5,118,4.26,4.26,4.26,4.26,2009
885,2009,Kenny Britt,Rutgers,,,37.0,124,4.47,4.47,4.47,4.47,2009
886,2009,Deon Butler,Penn State,,,34.5,118,4.48,4.48,4.48,4.48,2009
887,2009,Demetrius Byrd,Louisiana State,,,31.5,117,9.99,9.99,9.99,9.99,2009
888,2009,Jeremy Childs,Boise State,,,33.5,115,4.26,4.26,4.26,4.26,2009
889,2009,Austin Collie,Brigham Young,,,34.0,120,4.24,4.24,4.24,4.24,2009
890,2009,Quan Cosby,Texas,,,,,4.47,4.47,4.47,4.47,2009
891,2009,Jarett Dillard,Rice (TX),,,42.5,129,4.41,4.41,4.41,4.41,2009
892,2009,Dominique Edison,Stephen F. Austin (TX),,,37.0,120,4.18,4.18,4.18,4.18,2009
893,2009,Brooks Foster,North Carolina,,,,,9.99,9.99,9.99,9.99,2009
894,2009,Brian Hartline,Ohio State,,,34.5,120,4.12,4.12,4.12,4.12,2009
895,2009,Percy Harvin,Florida,,,,,9.99,9.99,9.99,9.99,2009
896,2009,Darrius Heyward-Bey,Maryland,,,38.5,126,4.18,4.18,4.18,4.18,2009
897,2009,Juaquin Iglesias,Oklahoma,,,34.5,116,4.40,4.40,4.40,4.40,2009
898,2009,Taurus Johnson,South Florida,,,35.5,121,4.24,4.24,4.24,4.24,2009
899,2009,Aaron Kelly,Clemson,,,38.0,119,4.45,4.45,4.45,4.45,2009
900,2009,Johnny Knox,Abilene Christian (TX),,,35.0,122,4.15,4.15,4.15,4.15,2009
901,2009,Quinten Lawrence,McNeese State (LA),,,,,9.99,9.99,9.99,9.99,2009
902,2009,Jeremy Maclin,Missouri,,,,,9.99,9.99,9.99,9.99,2009
903,2009,Mohamed Massaquoi,Georgia,,,36.5,127,9.99,9.99,9.99,9.99,2009
904,2009,Kenny McKinley,South Carolina,,,37.0,113,4.10,4.10,4.10,4.10,2009
905,2009,Andrew Means,Indiana,,,34.5,116,4.21,4.21,4.21,4.21,2009
906,2009,Marko Mitchell,Nevada,,,32.0,116,4.33,4.33,4.33,4.33,2009
907,2009,Louis Murphy,Florida,,,,,9.99,9.99,9.99,9.99,2009
908,2009,Hakeem Nicks,North Carolina,,,36.0,,9.99,9.99,9.99,9.99,2009
909,2009,Kevin Ogletree,Virginia,,,36.0,122,4.08,4.08,4.08,4.08,2009
910,2009,Darius Passmore,Marshall (WV),,,33.5,,9.99,9.99,9.99,9.99,2009
911,2009,Brian Robiskie,Ohio State,,,37.5,,4.19,4.19,4.19,4.19,2009
912,2009,Sammie Stroughter,Oregon State,,,30.0,110,4.28,4.28,4.28,4.28,2009
913,2009,Mike Thomas,Arizona,,,40.5,126,4.28,4.28,4.28,4.28,2009
914,2009,Tiquan Underwood,Rutgers,,,41.5,129,4.11,4.11,4.11,4.11,2009
915,2009,Mike Wallace,Mississippi,,,40.0,129,4.27,4.27,4.27,4.27,2009
916,2009,Derrick Williams,Penn State,,,33.0,,9.99,9.99,9.99,9.99,2009
917,2009,Jaison Williams,Oregon,,,35.5,118,4.56,4.56,4.56,4.56,2009
918,2010,Seyi Ajirotutu,Frenso State (CA),9.38,,36.0,115,4.39,4.39,4.39,4.39,2010
919,2010,Alric Arnett,West Virginia,,,40.0,122,4.43,4.43,4.43,4.43,2010
920,2010,Chris Bell,Norfolk State (VA),9.13,,35.0,117,4.35,4.35,4.35,4.35,2010
921,2010,Arrelious Benn,Illinois,,,37.0,118,9.99,9.99,9.99,9.99,2010
922,2010,Dezmon Briscoe,Kansas,9.50,,33.0,115,4.57,4.57,4.57,4.57,2010
923,2010,Antonio Brown,Central Michigan,,,33.5,105,4.18,4.18,4.18,4.18,2010
924,2010,Riley Cooper,Florida,10.38,,33.0,114,9.99,9.99,9.99,9.99,2010
925,2010,Eric Decker,Minnesota,9.13,,,,9.99,9.99,9.99,9.99,2010
926,2010,Marcus Easley,Connecticut,8.50,,34.0,123,4.60,4.60,4.60,4.60,2010
927,2010,Jacoby Ford,Clemson,,,33.5,115,4.44,4.44,4.44,4.44,2010
928,2010,David Gettis,Baylor,,,34.5,124,4.41,4.41,4.41,4.41,2010
929,2010,Mardy Gilyard,Cincinnati,9.13,,39.0,116,4.40,4.40,4.40,4.40,2010
930,2010,Shay Hodge,Mississippi,,,33.5,117,4.32,4.32,4.32,4.32,2010
931,2010,Trindon Holliday,Louisiana State,,,42.0,116,4.48,4.48,4.48,4.48,2010
932,2010,Donald Jones,Youngstown State (OH),,,41.0,119,4.20,4.20,4.20,4.20,2010
933,2010,Kevin Jurovich,San Jose State,,,,,9.99,9.99,9.99,9.99,2010
934,2010,Brandon LaFell,Louisiana State,,,36.0,115,4.23,4.23,4.23,4.23,2010
935,2010,Scott Long,Louisville,,,41.5,123,4.09,4.09,4.09,4.09,2010
936,2010,Dexter McCluster,Mississippi,8.38,,37.5,118,4.06,4.06,4.06,4.06,2010
937,2010,Chris McGaha,Arizona State,,,40.0,122,4.21,4.21,4.21,4.21,2010
938,2010,Kerry Meier,Kansas,,,35.0,115,4.23,4.23,4.23,4.23,2010
939,2010,Carlton Mitchell,South Florida,10.63,,36.0,122,4.55,4.55,4.55,4.55,2010
940,2010,Jared Perry,Missouri,9.00,,33.5,121,4.39,4.39,4.39,4.39,2010
941,2010,Taylor Price,Ohio,,,37.0,114,4.34,4.34,4.34,4.34,2010
942,2010,David Reed,Utah,,,37.0,114,4.38,4.38,4.38,4.38,2010
943,2010,Andre Roberts,Citadel (SC),,,36.0,120,4.15,4.15,4.15,4.15,2010
944,2010,Emmanuel Sanders,Southern Methodist (TX),,,39.5,126,4.10,4.10,4.10,4.10,2010
945,2010,Jordan Shipley,Texas,9.63,,36.5,116,9.99,9.99,9.99,9.99,2010
946,2010,Golden Tate,Notre Dame,9.25,,35.0,120,4.34,4.34,4.34,4.34,2010
947,2010,Blair White,Michigan State,9.25,,33.5,115,4.03,4.03,4.03,4.03,2010
948,2010,Damian Williams,Southern California,9.25,,38.0,118,4.24,4.24,4.24,4.24,2010
949,2010,Jeremy Williams,Tulane (LA),10.00,,36.0,117,9.99,9.99,9.99,9.99,2010
950,2010,Kyle Williams,Arizona State,,,33.0,118,4.19,4.19,4.19,4.19,2010
951,2010,Mike Williams,Syracuse,9.25,,33.5,116,4.31,4.31,4.31,4.31,2010
952,2010,Stephen Williams,Toledo,9.13,,36.5,125,4.11,4.11,4.11,4.11,2010
953,2011,Darvin Adams,Auburn,9.25,,,,,,,,2011
954,2011,Jon Baldwin,Pittsburgh,10.13,,42.0,129,4.34,4.34,4.34,4.34,2011
955,2011,Armon Binns,Cincinnati,9.50,,31.5,118,4.31,4.31,4.31,4.31,2011
956,2011,DeAndre Brown,Southern Mississippi,9.63,,29.0,117,4.33,4.33,4.33,4.33,2011
957,2011,Vincent Brown,San Diego State,10.25,,33.5,121,4.25,4.25,4.25,4.25,2011
958,2011,Stephen Burton,West Texas A&M,9.13,,34.5,117,4.31,4.31,4.31,4.31,2011
959,2011,Randall Cobb,Kentucky,9.38,,33.5,115,4.34,4.34,4.34,4.34,2011
960,2011,Mark Dell,Michigan State,9.50,,,,9.99,9.99,9.99,9.99,2011
961,2011,Tandon Doss,Indiana,10.13,,,,9.99,9.99,9.99,9.99,2011
962,2011,Edmond Gates,Abilene Christian (TX),9.38,,40.0,131,9.99,9.99,9.99,9.99,2011
963,2011,A.J. Green,Georgia,9.25,,34.5,126,4.21,4.21,4.21,4.21,2011
964,2011,Tori Gurley,South Carolina,9.75,,33.5,118,4.25,4.25,4.25,4.25,2011
965,2011,Leonard Hankerson,Miami (FL),10.63,,36.0,117,4.21,4.21,4.21,4.21,2011
966,2011,Dwayne Harris,East Carolina (NC),10.13,,34.0,111,4.21,4.21,4.21,4.21,2011
967,2011,Andre Holmes,Hillsdale (MI),8.63,,35.0,130,4.31,4.31,4.31,4.31,2011
968,2011,Lestar Jean,Florida Atlantic,9.00,,37.5,113,4.43,4.43,4.43,4.43,2011
969,2011,Jerrel Jernigan,Troy (AL),9.25,,37.5,117,4.25,4.25,4.25,4.25,2011
970,2011,Ronald Johnson,Southern California,9.00,,,,9.99,9.99,9.99,9.99,2011
971,2011,Julio Jones,Alabama,9.75,,38.5,135,4.25,4.25,4.25,4.25,2011
972,2011,Jeremy Kerley,Texas Christian,9.00,,34.5,120,9.99,9.99,9.99,9.99,2011
973,2011,Greg Little,North Carolina,9.13,,40.5,129,4.21,4.21,4.21,4.21,2011
974,2011,Ricardo Lockette,Fort Valley State (GA),9.75,,35.5,127,4.19,4.19,4.19,4.19,2011
975,2011,Jeff Maehl,Oregon,9.13,,33.5,115,3.94,3.94,3.94,3.94,2011
976,2011,Denarius Moore,Tennessee,9.50,,36.0,118,4.15,4.15,4.15,4.15,2011
977,2011,Orenthal Murdock,Fort Hays State (KS),9.00,,34.5,116,4.37,4.37,4.37,4.37,2011
978,2011,Niles Paul,Nebraska,8.88,,34.5,117,4.14,4.14,4.14,4.14,2011
979,2011,Austin Pettis,Boise State,9.75,,33.5,120,3.88,3.88,3.88,3.88,2011
980,2011,Kealoha Pilares,Hawaii,8.75,,,,9.99,9.99,9.99,9.99,2011
981,2011,Aldrick Robinson,Southern Methodist (TX),8.75,,40.0,126,4.09,4.09,4.09,4.09,2011
982,2011,Greg Salas,Hawaii,9.25,,37.0,120,4.10,4.10,4.10,4.10,2011
983,2011,DeMarco Sampson,San Diego State,9.63,,,,9.99,9.99,9.99,9.99,2011
984,2011,Jock Sanders,West Virginia,8.88,,34.5,121,4.13,4.13,4.13,4.13,2011
985,2011,Dane Sanzenbacher,Ohio State,8.25,,33.5,118,3.97,3.97,3.97,3.97,2011
986,2011,Cecil Shorts,Mount Union (OH),9.25,,34.5,114,4.07,4.07,4.07,4.07,2011
987,2011,Torrey Smith,Maryland,8.63,,41.0,126,4.13,4.13,4.13,4.13,2011
988,2011,Owen Spencer,North Carolina State,9.50,,37.5,125,4.18,4.18,4.18,4.18,2011
989,2011,Terrance Toliver,Louisiana State,10.00,,32.0,122,4.03,4.03,4.03,4.03,2011
990,2011,Ryan Whalen,Stanford,9.00,,38.5,123,4.09,4.09,4.09,4.09,2011
991,2011,Marshall Williams,Wake Forest,9.25,,35.5,123,4.09,4.09,4.09,4.09,2011
992,2011,Jimmy Young,Texas Christian,9.00,,37.0,115,4.18,4.18,4.18,4.18,2011
993,2011,Titus Young,Boise State,9.00,,,123,9.99,9.99,9.99,9.99,2011
994,2012,Joe Adams,Arkansas,9.38,,36.0,123,,,,,2012
995,2012,Tim Benford,Tennessee Tech,8.88,,,,9.99,9.99,9.99,9.99,2012
996,2012,Travis Benjamin,Miami (FL),8.75,,38.0,119,9.99,9.99,9.99,9.99,2012
997,2012,Justin Blackmon,Oklahoma State,9.25,,,,9.99,9.99,9.99,9.99,2012
998,2012,Jarrett Boykin,Virginia Tech,10.25,,36.0,123,4.28,4.28,4.28,4.28,2012
999,2012,LaVon Brazill,Ohio,9.75,,32.5,,9.99,9.99,9.99,9.99,2012
1000,2012,Ryan Broyles,Oklahoma,9.00,,,,9.99,9.99,9.99,9.99,2012
1001,2012,Greg Childs,Arkansas,10.13,,36.5,125,9.99,9.99,9.99,9.99,2012
1002,2012,Danny Coale,Virginia Tech,9.13,,35.0,115,4.15,4.15,4.15,4.15,2012
1003,2012,Josh Cooper,Oklahoma State,9.50,,,,9.99,9.99,9.99,9.99,2012
1004,2012,Juron Criner,Arizona,10.50,,38.0,117,4.30,4.30,4.30,4.30,2012
1005,2012,B.J. Cunningham,Michigan State,8.13,,31.5,116,9.99,9.99,9.99,9.99,2012
1006,2012,Patrick Edwards,Houston,8.38,,,,9.99,9.99,9.99,9.99,2012
1007,2012,Michael Floyd,Notre Dame,9.38,,36.5,122,9.99,9.99,9.99,9.99,2012
1008,2012,Jeff Fuller,Texas A&M,9.88,,,,9.99,9.99,9.99,9.99,2012
1009,2012,Chris Givens,Wake Forest,8.25,,33.5,118,4.23,4.23,4.23,4.23,2012
1010,2012,T.J. Graham,North Carolina State,9.00,,33.5,120,4.18,4.18,4.18,4.18,2012
1011,2012,Darius Hanks,Alabama,9.50,,34.0,117,9.99,9.99,9.99,9.99,2012
1012,2012,Junior Hemingway,Michigan,9.63,,35.5,124,3.98,3.98,3.98,3.98,2012
1013,2012,Stephen Hill,Georgia Tech,9.38,,39.5,133,4.48,4.48,4.48,4.48,2012
1014,2012,T.Y. Hilton,Florida International,8.50,,,,9.99,9.99,9.99,9.99,2012
1015,2012,Jerrell Jackson,Missouri,9.25,,41.0,127,4.11,4.11,4.11,4.11,2012
1016,2012,Alshon Jeffery,South Carolina,10.25,,,,9.99,9.99,9.99,9.99,2012
1017,2012,A.J. Jenkins,Illinois,9.50,,38.5,124,9.99,9.99,9.99,9.99,2012
1018,2012,Dwight Jones,North Carolina,9.00,,33.0,109,9.99,9.99,9.99,9.99,2012
1019,2012,Marvin Jones,California,10.00,,33.0,112,4.11,4.11,4.11,4.11,2012
1020,2012,Jermaine Kearse,Washington,9.25,,34.0,119,4.12,4.12,4.12,4.12,2012
1021,2012,Keshawn Martin,Michigan State,9.25,,39.5,122,4.13,4.13,4.13,4.13,2012
1022,2012,Rishard Matthews,Nevada,9.13,,36.0,,4.19,4.19,4.19,4.19,2012
1023,2012,Marquis Maze,Alabama,9.00,,33.5,112,9.99,9.99,9.99,9.99,2012
1024,2012,Marvin McNutt,Iowa,10.00,,37.0,122,4.07,4.07,4.07,4.07,2012
1025,2012,Kashif Moore,Connecticut,9.63,,43.5,126,4.05,4.05,4.05,4.05,2012
1026,2012,Derek Moye,Penn State,8.25,,33.5,115,4.23,4.23,4.23,4.23,2012
1027,2012,Chris Owusu,Stanford,8.50,,40.5,129,4.11,4.11,4.11,4.11,2012
1028,2012,Eric Page,Toledo,9.00,,30.0,112,3.98,3.98,3.98,3.98,2012
1029,2012,DeVier Posey,Ohio State,9.63,,36.5,123,4.15,4.15,4.15,4.15,2012
1030,2012,Brian Quick,Appalachian State (NC),9.75,,34.0,119,4.23,4.23,4.23,4.23,2012
1031,2012,Rueben Randle,Louisiana State,9.50,,31.0,121,4.36,4.36,4.36,4.36,2012
1032,2012,Gerell Robinson,Arizona State,10.13,,35.5,113,4.15,4.15,4.15,4.15,2012
1033,2012,James Rodgers,Oregon State,8.75,,37.0,115,4.23,4.23,4.23,4.23,2012
1034,2012,Mohamed Sanu,Rutgers,10.13,,36.0,126,4.22,4.22,4.22,4.22,2012
1035,2012,Tommy Streeter,Miami (FL),9.50,,33.0,125,9.99,9.99,9.99,9.99,2012
1036,2012,Nick Toon,Wisconsin,9.00,,37.5,,9.99,9.99,9.99,9.99,2012
1037,2012,Jordan White,Western Michigan,9.25,,35.0,119,4.13,4.13,4.13,4.13,2012
1038,2012,Jarius Wright,Arkansas,8.50,,38.0,120,4.03,4.03,4.03,4.03,2012
1039,2012,Kendall Wright,Baylor,8.63,,38.5,121,4.18,4.18,4.18,4.18,2012
1040,2012,Devon Wylie,Frenso State (CA),9.50,,39.0,123,9.99,9.99,9.99,9.99,2012
1041,2013,Tavon Austin,West Virginia,9.18,,32.0,120,4.01,4.01,4.01,4.01,2013
1042,2013,Stedman Bailey,West Virginia,9.78,,34.5,117,4.09,4.09,4.09,4.09,2013
1043,2013,Alan Bonner,Jacksonville State (AL),9.38,,33.0,117,4.15,4.15,4.15,4.15,2013
1044,2013,Josh Boyce,Texas Christian,9.28,,34.0,131,4.10,4.10,4.10,4.10,2013
1045,2013,Marcus Davis,Virginia Tech,10.28,,39.5,120,9.99,9.99,9.99,9.99,2013
1046,2013,Corey Fuller,Virginia Tech,9.48,,31.5,120,9.99,9.99,9.99,9.99,2013
1047,2013,Tyrone Goard,Eastern Kentucky,8.68,,36.0,123,4.39,4.39,4.39,4.39,2013
1048,2013,Marquise Goodwin,Texas,8.58,,,132,9.99,9.99,9.99,9.99,2013
1049,2013,Cobi Hamilton,Arkansas,8.68,,29.5,107,4.31,4.31,4.31,4.31,2013
1050,2013,Chris Harper,Kansas State,9.68,,35.5,116,4.39,4.39,4.39,4.39,2013
1051,2013,Mark Harrison,Rutgers,9.58,,38.5,129,4.33,4.33,4.33,4.33,2013
1052,2013,DeAndre Hopkins,Clemson,10.08,,36.0,115,4.50,4.50,4.50,4.50,2013
1053,2013,Justin Hunter,Tennessee,9.38,,39.5,136,4.33,4.33,4.33,4.33,2013
1054,2013,Darius Johnson,Southern Methodist (TX),9.18,,32.0,109,4.53,4.53,4.53,4.53,2013
1055,2013,Brandon Kaufman,Eastern Washington,9.28,,33.5,115,4.44,4.44,4.44,4.44,2013
1056,2013,Tavarres King,Georgia,9.48,,36.5,123,4.33,4.33,4.33,4.33,2013
1057,2013,Alec Lemon,Syracuse,8.48,,32.0,112,4.29,4.29,4.29,4.29,2013
1058,2013,Aaron Mellette,Elon (NC),9.58,,33.5,123,4.41,4.41,4.41,4.41,2013
1059,2013,T.J. Moe,Missouri,9.78,,36.0,120,3.96,3.96,3.96,3.96,2013
1060,2013,Cordarrelle Patterson,Tennessee,9.08,,37.0,128,9.99,9.99,9.99,9.99,2013
1061,2013,Quinton Patton,Louisiana Tech,9.38,,33.0,118,4.01,4.01,4.01,4.01,2013
1062,2013,Denard Robinson,Michigan,9.08,,36.5,123,4.22,4.22,4.22,4.22,2013
1063,2013,DaRick Rogers,Tennessee Tech,9.48,,39.5,132,4.06,4.06,4.06,4.06,2013
1064,2013,Lanear Sampson,Baylor,9.28,,33.5,119,4.38,4.38,4.38,4.38,2013
1065,2013,Ace Sanders,South Carolina,8.78,,32.0,117,4.37,4.37,4.37,4.37,2013
1066,2013,Rodney Smith,Florida State,10.38,,34.5,120,4.07,4.07,4.07,4.07,2013
1067,2013,Ryan Spadola,Lehigh (PA),9.68,,33.5,119,4.07,4.07,4.07,4.07,2013
1068,2013,Kenny Stills,Oklahoma,9.08,,33.5,124,4.35,4.35,4.35,4.35,2013
1069,2013,Ryan Swope,Texas A&M,8.48,,37.0,125,4.25,4.25,4.25,4.25,2013
1070,2013,Kenbrell Thompkins,Cincinnati,8.68,,33.5,121,4.21,4.21,4.21,4.21,2013
1071,2013,Conner Vernon,Duke,9.28,,32.5,125,4.22,4.22,4.22,4.22,2013
1072,2013,Markus Wheaton,Oregon State,9.18,,37.0,120,4.02,4.02,4.02,4.02,2013
1073,2013,Terrance Williams,Baylor,8.68,,32.5,119,4.32,4.32,4.32,4.32,2013
1074,2013,Marquess Wilson,Washington State,9.28,,34.5,122,4.33,4.33,4.33,4.33,2013
1075,2013,Robert Woods,Southern California,9.28,,33.5,117,4.47,4.47,4.47,4.47,2013
1076,2014,Jared Abbrederis,Wisconsin,9.63,,30.5,116,4.08,4.08,4.08,4.08,2014
1077,2014,Davante Adams,Frenso State (CA),9.00,,39.5,123,4.30,4.30,4.30,4.30,2014
1078,2014,Dri Archer,Kent State (OH),8.88,,38.0,122,4.06,4.06,4.06,4.06,2014
1079,2014,Odell Beckham,Louisiana State,10.00,,38.5,122,3.94,3.94,3.94,3.94,2014
1080,2014,Kelvin Benjamin,Florida State,10.25,,32.5,117,4.39,4.39,4.39,4.39,2014
1081,2014,Chris Boyd,Vanderbilt,9.63,,,,9.99,9.99,9.99,9.99,2014
1082,2014,Corey Brown,Ohio State,9.38,,33.0,115,4.22,4.22,4.22,4.22,2014
1083,2014,John Brown,Pittsburg State (KS),8.50,,36.5,117,4.12,4.12,4.12,4.12,2014
1084,2014,Martavis Bryant,Clemson,9.50,,39.0,123,4.15,4.15,4.15,4.15,2014
1085,2014,Isaiah Burse,Frenso State (CA),8.38,,31.0,114,3.94,3.94,3.94,3.94,2014
1086,2014,Trey Burton,Florida,9.38,,30.0,111,4.32,4.32,4.32,4.32,2014
1087,2014,Michael Campanaro,Wake Forest,,,39.0,122,4.01,4.01,4.01,4.01,2014
1088,2014,Brandon Coleman,Rutgers,9.25,,32.5,,4.51,4.51,4.51,4.51,2014
1089,2014,Brandin Cooks,Oregon State,9.63,,36.0,120,3.81,3.81,3.81,3.81,2014
1090,2014,Damian Copeland,Louisville,9.00,,40.0,120,3.90,3.90,3.90,3.90,2014
1091,2014,Mike Davis,Texas,9.38,,34.0,116,4.18,4.18,4.18,4.18,2014
1092,2014,Anthony Denham,Utah,10.50,,32.5,,9.99,9.99,9.99,9.99,2014
1093,2014,Bruce Ellington,South Carolina,9.63,,39.5,120,3.95,3.95,3.95,3.95,2014
1094,2014,Quincy Enunwa,Nebraska,9.50,,,,9.99,9.99,9.99,9.99,2014
1095,2014,Mike Evans,Texas A&M,9.63,,37.0,,4.26,4.26,4.26,4.26,2014
1096,2014,Shaquelle Evans,UCLA,,,34.5,122,4.21,4.21,4.21,4.21,2014
1097,2014,Bennie Fowler,Michigan State,9.50,,36.0,125,4.18,4.18,4.18,4.18,2014
1098,2014,Austin Franklin,New Mexico State,10.00,,36.0,123,4.33,4.33,4.33,4.33,2014
1099,2014,Jeremy Gallon,Michigan,9.38,,,,9.99,9.99,9.99,9.99,2014
1100,2014,Ryan Grant,Tulane (LA),9.63,,35.5,117,4.11,4.11,4.11,4.11,2014
1101,2014,Matt Hazel,Coastal Carolina (SC),9.13,,36.5,116,4.20,4.20,4.20,4.20,2014
1102,2014,Robert Herron,Wyoming,9.75,,35.5,124,4.27,4.27,4.27,4.27,2014
1103,2014,Cody Hoffman,Brigham Young,9.75,,27.5,108,4.20,4.20,4.20,4.20,2014
1104,2014,Josh Huff,Oregon,9.38,,35.5,115,9.99,9.99,9.99,9.99,2014
1105,2014,Allen Hurns,Miami (FL),9.25,,31.0,120,4.50,4.50,4.50,4.50,2014
1106,2014,Jeff Janis,Saginaw Valley State (MI),9.00,,37.5,123,3.98,3.98,3.98,3.98,2014
1107,2014,TJ Jones,Notre Dame,,,33.0,117,4.27,4.27,4.27,4.27,2014
1108,2014,Jarvis Landry,Louisiana State,10.25,,28.5,110,9.99,9.99,9.99,9.99,2014
1109,2014,Cody Latimer,Indiana,9.63,,,,9.99,9.99,9.99,9.99,2014
1110,2014,Marqise Lee,Southern California,9.50,,38.0,126,4.01,4.01,4.01,4.01,2014
1111,2014,Marcus Lucas,Missouri,9.38,,36.0,123,4.25,4.25,4.25,4.25,2014
1112,2014,Jordan Matthews,Vanderbilt,10.38,,35.5,120,4.18,4.18,4.18,4.18,2014
1113,2014,Donte Moncrief,Mississippi,9.13,,39.5,132,4.30,4.30,4.30,4.30,2014
1114,2014,Kevin Norwood,Alabama,10.00,,33.0,121,4.32,4.32,4.32,4.32,2014
1115,2014,Walter Powell,Murray State (KY),,,31.5,120,4.23,4.23,4.23,4.23,2014
1116,2014,Tevin Reese,Baylor,8.63,,41.0,132,4.18,4.18,4.18,4.18,2014
1117,2014,Paul Richardson,Colorado,8.88,,38.0,123,9.99,9.99,9.99,9.99,2014
1118,2014,Allen Robinson,Penn State,9.50,,39.0,126,4.00,4.00,4.00,4.00,2014
1119,2014,Jalen Saunders,Oklahoma,8.88,,34.0,122,9.99,9.99,9.99,9.99,2014
1120,2014,Willie Snead,Ball State (IN),10.25,,33.5,112,4.39,4.39,4.39,4.39,2014
1121,2014,Josh Stewart,Oklahoma State,9.38,,35.0,116,4.33,4.33,4.33,4.33,2014
1122,2014,Devin Street,Pittsburgh,9.25,,37.0,123,4.01,4.01,4.01,4.01,2014
1123,2014,L'Damian Washington,Missouri,9.00,,32.0,114,4.35,4.35,4.35,4.35,2014
1124,2014,Sammy Watkins,Clemson,9.63,,34.0,125,4.34,4.34,4.34,4.34,2014
1125,2014,Albert Wilson,Georgia State,9.13,,37.5,123,4.21,4.21,4.21,4.21,2014
1126,2015,Nelson Agholor,Southern California,9.25,,,,,,,,2015
1127,2015,Mario Alford,West Virginia,9.38,,34.0,121,4.07,4.07,4.07,4.07,2015
1128,2015,Dres Anderson,Utah,9.38,,,,9.99,9.99,9.99,9.99,2015
1129,2015,DeJuan Beard,Washburn (KS),,,,,9.99,9.99,9.99,9.99,2015
1130,2015,Kenny Bell,Nebraska,9.25,,41.5,129,4.15,4.15,4.15,4.15,2015
1131,2015,Michael Bennett,Georgia,10.25,,,,9.99,9.99,9.99,9.99,2015
1132,2015,Da'Ron Brown,Northern Illinois,,,37.0,120,4.11,4.11,4.11,4.11,2015
1133,2015,Damiere Byrd,South Carolina,,,,,9.99,9.99,9.99,9.99,2015
1134,2015,DeAndre Carter,Sacramento State (CA),,,,,9.99,9.99,9.99,9.99,2015
1135,2015,Marquez Clark,Central Oklahoma,,,,,9.99,9.99,9.99,9.99,2015
1136,2015,Kaelin Clay,Utah,9.00,,33.0,113,4.26,4.26,4.26,4.26,2015
1137,2015,Sammie Coates,Auburn,9.38,,41.0,131,4.06,4.06,4.06,4.06,2015
1138,2015,Chris Conley,Georgia,9.88,,45.0,139,4.30,4.30,4.30,4.30,2015
1139,2015,Kenny Cook,Gardner-Webb (NC),,,,,9.99,9.99,9.99,9.99,2015
1140,2015,Amari Cooper,Alabama,10.00,,33.0,120,3.98,3.98,3.98,3.98,2015
1141,2015,Jamison Crowder,Duke,8.75,,37.0,115,4.32,4.32,4.32,4.32,2015
1142,2015,DaVaris Daniels,Notre Dame,9.00,,37.0,122,9.99,9.99,9.99,9.99,2015
1143,2015,Andre Davis,South Florida,,,,,9.99,9.99,9.99,9.99,2015
1144,2015,Devante Davis,Nevada Las Vegas,9.50,,35.5,115,4.12,4.12,4.12,4.12,2015
1145,2015,Geremy Davis,Connecticut,9.50,,36.5,124,4.18,4.18,4.18,4.18,2015
1146,2015,Titus Davis,Central Michigan,8.25,,32.5,119,4.28,4.28,4.28,4.28,2015
1147,2015,Andre Debose,Florida,,,,,9.99,9.99,9.99,9.99,2015
1148,2015,Stefon Diggs,Maryland,10.00,,35.0,115,4.32,4.32,4.32,4.32,2015
1149,2015,Phillip Dorsett,Miami (FL),9.38,,37.0,122,4.11,4.11,4.11,4.11,2015
1150,2015,Quinton Dunbar,Florida,,,,,9.99,9.99,9.99,9.99,2015
1151,2015,Lemar Durant,Simon Fraser (Canada),,,,,9.99,9.99,9.99,9.99,2015
1152,2015,George Farmer,Southern California,,,,,9.99,9.99,9.99,9.99,2015
1153,2015,Clay Fuller,Baylor,,,,,9.99,9.99,9.99,9.99,2015
1154,2015,Devin Funchess,Michigan,9.75,,38.5,122,9.99,9.99,9.99,9.99,2015
1155,2015,Devin Gardner,Michigan,,,,,9.99,9.99,9.99,9.99,2015
1156,2015,Keyarris Garrett,Tulsa (OK),9.00,,36.5,128,4.33,4.33,4.33,4.33,2015
1157,2015,Antwan Goodley,Baylor,9.25,,,,9.99,9.99,9.99,9.99,2015
1158,2015,Christian Green,Florida State,,,,,9.99,9.99,9.99,9.99,2015
1159,2015,Dorial Green-Beckham,Missouri,9.00,,33.5,119,4.45,4.45,4.45,4.45,2015
1160,2015,Deontay Greenberry,Houston,,,,,9.99,9.99,9.99,9.99,2015
1161,2015,Rashad Greene,Florida State,9.00,,36.5,122,4.12,4.12,4.12,4.12,2015
1162,2015,Rannell Hall,Central Florida,8.63,,41.0,132,4.15,4.15,4.15,4.15,2015
1163,2015,Justin Hardy,East Carolina (NC),10.00,,36.5,114,4.21,4.21,4.21,4.21,2015
1164,2015,Chris Harper,California,,,,,9.99,9.99,9.99,9.99,2015
1165,2015,Josh Harper,Frenso State (CA),8.75,,32.0,108,4.36,4.36,4.36,4.36,2015
1166,2015,R.J. Harris,New Hampshire,,,,,9.99,9.99,9.99,9.99,2015
1167,2015,Nick Harwell,Kansas,,,,,9.99,9.99,9.99,9.99,2015
1168,2015,Austin Hill,Arizona,,,,,9.99,9.99,9.99,9.99,2015
1169,2015,Anthony Johnson,West Texas A&M,10.38,,24.5,102,4.83,4.83,4.83,4.83,2015
1170,2015,Vernon Johnson,Texas A&M-Commerce,,,,,9.99,9.99,9.99,9.99,2015
1171,2015,Chris Jones,Alabama,9.00,,32.5,119,4.19,4.19,4.19,4.19,2015
1172,2015,Tebucky Jones,Fordham (NY),,,,,9.99,9.99,9.99,9.99,2015
1173,2015,Tony Jones,Northwestern,,,,,9.99,9.99,9.99,9.99,2015
1174,2015,Malcome Kennedy,Texas A&M,,,,,9.99,9.99,9.99,9.99,2015
1175,2015,Nigel King,Kansas,,,,,9.99,9.99,9.99,9.99,2015
1176,2015,Jake Kumerow,Wisconsin-Whitewater,,,,,9.99,9.99,9.99,9.99,2015
1177,2015,Dez Lewis,Central Arkansas,,,33.5,119,4.28,4.28,4.28,4.28,2015
1178,2015,Jameon Lewis,Mississippi State,,,,,9.99,9.99,9.99,9.99,2015
1179,2015,Tony Lippett,Michigan State,9.88,,36.0,114,4.13,4.13,4.13,4.13,2015
1180,2015,Tyler Lockett,Kansas State,8.38,,35.5,121,4.07,4.07,4.07,4.07,2015
1181,2015,Deon Long,Maryland,9.50,,34.0,120,4.27,4.27,4.27,4.27,2015
1182,2015,Keanon Lowe,Oregon,,,,,9.99,9.99,9.99,9.99,2015
1183,2015,Tello Luckett,Harding (AR),,,34.0,118,4.50,4.50,4.50,4.50,2015
1184,2015,Kevonte Martin-Manley,Iowa,,,,,9.99,9.99,9.99,9.99,2015
1185,2015,Vince Mayle,Washington State,9.00,,35.5,117,4.13,4.13,4.13,4.13,2015
1186,2015,Tre McBride,William & Mary (VA),9.00,,38.0,122,4.08,4.08,4.08,4.08,2015
1187,2015,Justin McCay,Kansas,,,,,9.99,9.99,9.99,9.99,2015
1188,2015,Matt Miller,Boise State,,,,,9.99,9.99,9.99,9.99,2015
1189,2015,Matt Milton,Louisville,,,,,9.99,9.99,9.99,9.99,2015
1190,2015,Ty Montgomery,Stanford,10.13,,40.5,121,4.21,4.21,4.21,4.21,2015
1191,2015,Keith Mumphery,Michigan State,9.13,,32.5,121,4.25,4.25,4.25,4.25,2015
1192,2015,J.J. Nelson,Alabama-Birmingham,8.25,,36.0,127,4.15,4.15,4.15,4.15,2015
1193,2015,Levi Norwood,Baylor,,,,,9.99,9.99,9.99,9.99,2015
1194,2015,DeVante Parker,Louisville,9.25,,36.5,125,9.99,9.99,9.99,9.99,2015
1195,2015,Breshad Perriman,Central Florida,9.25,,,,9.99,9.99,9.99,9.99,2015
1196,2015,Shakim Phillips,Boston College,,,,,9.99,9.99,9.99,9.99,2015
1197,2015,Kyle Prater,Northwestern,,,,,9.99,9.99,9.99,9.99,2015
1198,2015,Addison Richards,Regina (Canada),,,,,9.99,9.99,9.99,9.99,2015
1199,2015,Jamal Robinson,Louisiana-Lafayette,,,,,9.99,9.99,9.99,9.99,2015
1200,2015,Ezell Ruffin,San Diego State,8.75,,27.5,110,4.58,4.58,4.58,4.58,2015
1201,2015,Dominic Rufran,Wyoming,,,,,9.99,9.99,9.99,9.99,2015
1202,2015,Bud Sasser,Missouri,,,,,9.99,9.99,9.99,9.99,2015
1203,2015,Ross Scheuerman,Lafayette (PA),8.75,,33.0,121,4.11,4.11,4.11,4.11,2015
1204,2015,Dawon Scott,Miami (OH),,,,,9.99,9.99,9.99,9.99,2015
1205,2015,Jaxon Shipley,Texas,,,,,9.99,9.99,9.99,9.99,2015
1206,2015,Tommy Shuler,Marshall (WV),,,,,9.99,9.99,9.99,9.99,2015
1207,2015,DeAndre Smelter,Georgia Tech,11.00,,,,9.99,9.99,9.99,9.99,2015
1208,2015,Devin Smith,Ohio State,9.00,,39.0,122,4.15,4.15,4.15,4.15,2015
1209,2015,Evan Spencer,Ohio State,,,,,9.99,9.99,9.99,9.99,2015
1210,2015,Neal Sterling,Monmouth (NJ),,,,,9.99,9.99,9.99,9.99,2015
1211,2015,Jaelen Strong,Arizona State,9.00,,42.0,123,9.99,9.99,9.99,9.99,2015
1212,2015,Tacoi Sumler,Appalachian State (NC),,,,,9.99,9.99,9.99,9.99,2015
1213,2015,Jordan Taylor,Rice (TX),,,,,9.99,9.99,9.99,9.99,2015
1214,2015,Darren Waller,Georgia Tech,9.00,,37.0,125,4.25,4.25,4.25,4.25,2015
1215,2015,Jarrod West,Syracuse,,,,,9.99,9.99,9.99,9.99,2015
1216,2015,Darius White,Missouri,,,,,9.99,9.99,9.99,9.99,2015
1217,2015,DeAndrew White,Alabama,9.13,,34.5,118,4.18,4.18,4.18,4.18,2015
1218,2015,Kevin White,West Virginia,9.25,,36.5,123,4.14,4.14,4.14,4.14,2015
1219,2015,Jackie Williams,Central Florida,,,,,9.99,9.99,9.99,9.99,2015
1220,2015,Kasen Williams,Washington,,,,,9.99,9.99,9.99,9.99,2015
1221,2015,Tyrell Williams,Western Oregon,,,,,9.99,9.99,9.99,9.99,2015
1222,2015,Demetrius Wilson,Arkansas,,,,,9.99,9.99,9.99,9.99,2015
1223,2015,Cam Worthy,East Carolina (NC),10.13,,,,9.99,9.99,9.99,9.99,2015
1224,2015,J.J. Worton,Central Florida,,,,,9.99,9.99,9.99,9.99,2015
1225,2015,Shane Wynn,Indiana,,,,,9.99,9.99,9.99,9.99,2015
1226,2016,Bralon Addison,Oregon,9.13,,34.5,116,4.14,4.14,4.14,4.14,2016
1227,2016,Geronimo Allison,Illinois,9.50,,33.0,127,4.28,4.28,4.28,4.28,2016
1228,2016,Demarcus Ayers,Houston,9.25,,33.0,123,9.99,9.99,9.99,9.99,2016
1229,2016,Tyler Boyd,Pittsburgh,9.75,,34.0,119,4.35,4.35,4.35,4.35,2016
1230,2016,Chris Brown,Notre Dame,9.00,,,,9.99,9.99,9.99,9.99,2016
1231,2016,Aaron Burbridge,Michigan State,8.25,,30.5,115,4.31,4.31,4.31,4.31,2016
1232,2016,Devon Cajuste,Stanford,10.75,,36.0,123,4.20,4.20,4.20,4.20,2016
1233,2016,Leonte Carroo,Rutgers,9.63,,35.5,120,9.99,9.99,9.99,9.99,2016
1234,2016,Corey Coleman,Baylor,9.00,,40.5,129,9.99,9.99,9.99,9.99,2016
1235,2016,Pharoh Cooper,South Carolina,9.13,,31.0,115,9.99,9.99,9.99,9.99,2016
1236,2016,Cody Core,Mississippi,,,31.5,119,9.99,9.99,9.99,9.99,2016
1237,2016,Trevor Davis,California,10.00,,38.5,124,4.22,4.22,4.22,4.22,2016
1238,2016,Josh Doctson,Texas Christian,9.88,,41.0,131,4.08,4.08,4.08,4.08,2016
1239,2016,D.J. Foster,Arizona State,9.25,,35.5,117,4.07,4.07,4.07,4.07,2016
1240,2016,Will Fuller,Notre Dame,8.25,,33.5,126,4.27,4.27,4.27,4.27,2016
1241,2016,Keyarris Garrett,Tulsa (OK),9.00,,36.5,128,4.33,4.33,4.33,4.33,2016
1242,2016,Rashard Higgins,Colorado State,9.75,,32.0,116,9.99,9.99,9.99,9.99,2016
1243,2016,Johnny Holton,Cincinnati,9.88,,31.5,123,9.99,9.99,9.99,9.99,2016
1244,2016,Cayleb Jones,Arizona,9.25,,33.5,,4.14,4.14,4.14,4.14,2016
1245,2016,Kenny Lawler,California,10.50,,31.0,111,4.20,4.20,4.20,4.20,2016
1246,2016,Roger Lewis,Bowling Green (OH),9.75,,33.5,116,9.99,9.99,9.99,9.99,2016
1247,2016,Kolby Listenbee,Texas Christian,8.25,,35.5,129,9.99,9.99,9.99,9.99,2016
1248,2016,Ricardo Louis,Auburn,9.50,,38.0,132,9.99,9.99,9.99,9.99,2016
1249,2016,Byron Marshall,Oregon,9.50,,,,9.99,9.99,9.99,9.99,2016
1250,2016,Jalin Marshall,Ohio State,9.63,,37.5,125,4.13,4.13,4.13,4.13,2016
1251,2016,Mekale McKay,Cincinnati,9.50,,35.0,123,4.63,4.63,4.63,4.63,2016
1252,2016,Braxton Miller,Ohio State,9.13,,35.0,123,4.07,4.07,4.07,4.07,2016
1253,2016,Malcolm Mitchell,Georgia,10.50,,36.0,129,4.34,4.34,4.34,4.34,2016
1254,2016,Chris Moore,Cincinnati,9.38,,37.0,130,4.20,4.20,4.20,4.20,2016
1255,2016,Marquez North,Tennessee,10.25,,35.0,123,4.13,4.13,4.13,4.13,2016
1256,2016,Jordan Payton,UCLA,10.13,,34.5,121,4.33,4.33,4.33,4.33,2016
1257,2016,Charone Peake,Clemson,9.25,,35.5,122,4.46,4.46,4.46,4.46,2016
1258,2016,Demarcus Robinson,Florida,9.50,,34.5,123,4.19,4.19,4.19,4.19,2016
1259,2016,Alonzo Russell,Toledo,9.50,,29.5,112,4.33,4.33,4.33,4.33,2016
1260,2016,Rashawn Scott,Miami (FL),9.38,,32.5,116,9.99,9.99,9.99,9.99,2016
1261,2016,Hunter Sharp,Utah State,9.38,,32.5,116,4.19,4.19,4.19,4.19,2016
1262,2016,Tajae Sharpe,Massachusetts,8.38,,33.5,114,9.99,9.99,9.99,9.99,2016
1263,2016,Sterling Shepard,Oklahoma,9.75,,41.0,123,4.35,4.35,4.35,4.35,2016
1264,2016,Nelson Spruce,Colorado,10.00,,35.0,114,4.20,4.20,4.20,4.20,2016
1265,2016,Michael Thomas,Ohio State,10.50,,35.0,126,4.13,4.13,4.13,4.13,2016
1266,2016,Laquon Treadwell,Mississippi,9.50,,33.0,117,9.99,9.99,9.99,9.99,2016
1267,2016,Duke Williams,Auburn,,,30.0,121,4.47,4.47,4.47,4.47,2016
1268,2016,DeRunnya Wilson,Mississippi State,9.25,,28.0,113,9.99,9.99,9.99,9.99,2016
1269,2017,Rodney Adams,South Florida,9.00,,29.5,125,4.28,4.28,4.28,4.28,2017
1270,2017,Quincy Adeboyejo,Mississippi,9.38,,34.5,123,4.14,4.14,4.14,4.14,2017
1271,2017,Victor Bolden,Oregon State,9.00,,32.0,117,4.22,4.22,4.22,4.22,2017
1272,2017,Kendrick Bourne,Eastern Washington,9.13,,34.0,125,4.21,4.21,4.21,4.21,2017
1273,2017,Billy Brown,Shepherd (WV),10.38,,29.0,118,4.14,4.14,4.14,4.14,2017
1274,2017,Noah Brown,Ohio State,9.13,,,,4.33,4.33,4.33,4.33,2017
1275,2017,KD Cannon,Baylor,8.88,,37.0,119,4.20,4.20,4.20,4.20,2017
1276,2017,Jehu Chesson,Michigan,9.13,,35.5,132,4.09,4.09,4.09,4.09,2017
1277,2017,Stacy Coley,Miami (FL),9.75,,34.0,122,4.39,4.39,4.39,4.39,2017
1278,2017,Amara Darboh,Michigan,9.88,,36.0,124,4.26,4.26,4.26,4.26,2017
1279,2017,Corey Davis,Western Michigan,9.13,,,,4.28,4.28,4.28,4.28,2017
1280,2017,Robert Davis,Georgia State,9.63,,41.0,136,4.28,4.28,4.28,4.28,2017
1281,2017,Malachi Dupre,Louisiana State,9.00,,39.5,135,4.26,4.26,4.26,4.26,2017
1282,2017,Travin Dural,Louisiana State,9.00,,30.5,116,4.55,4.55,4.55,4.55,2017
1283,2017,Amba Etta-Tawo,Syracuse,9.13,,31.0,126,4.32,4.32,4.32,4.32,2017
1284,2017,Isaiah Ford,Virginia Tech,9.25,,35.5,127,4.34,4.34,4.34,4.34,2017
1285,2017,Shelton Gibson,West Virginia,8.88,,32.0,118,4.20,4.20,4.20,4.20,2017
1286,2017,Kenny Golladay,Northern Illinois,9.75,,35.5,120,4.15,4.15,4.15,4.15,2017
1287,2017,Chad Hansen,California,10.13,,35.0,119,4.13,4.13,4.13,4.13,2017
1288,2017,Keon Hatcher,Arkansas,9.50,,,,4.28,4.28,4.28,4.28,2017
1289,2017,Carlos Henderson,Louisiana Tech,9.13,,36.0,131,4.35,4.35,4.35,4.35,2017
1290,2017,Krishawn Hogan,Marian (IN),9.88,,36.5,124,4.21,4.21,4.21,4.21,2017
1291,2017,Mack Hollins,North Carolina,9.75,,,,9.99,9.99,9.99,9.99,2017
1292,2017,Bug Howard,North Carolina,10.38,,37.5,119,4.14,4.14,4.14,4.14,2017
1293,2017,Zay Jones,East Carolina (NC),9.00,,36.5,133,4.01,4.01,4.01,4.01,2017
1294,2017,Cooper Kupp,Eastern Washington,9.50,,31.0,116,4.08,4.08,4.08,4.08,2017
1295,2017,Jerome Lane,Akron,9.75,,35.0,125,4.12,4.12,4.12,4.12,2017
1296,2017,Keevan Lucas,Tulsa (OK),9.88,,32.5,119,4.43,4.43,4.43,4.43,2017
1297,2017,Josh Malone,Tennessee,9.63,,30.5,121,4.19,4.19,4.19,4.19,2017
1298,2017,Gabe Marks,Washington State,8.75,,29.5,117,4.20,4.20,4.20,4.20,2017
1299,2017,Drew Morgan,Arkansas,9.50,,30.0,112,4.12,4.12,4.12,4.12,2017
1300,2017,Speedy Noil,Texas A&M,9.25,,43.5,133,9.99,9.99,9.99,9.99,2017
1301,2017,Zach Pascal,Old Dominion (VA),10.00,,36.0,126,4.29,4.29,4.29,4.29,2017
1302,2017,James Quick,Louisville,9.00,,31.0,115,4.39,4.39,4.39,4.39,2017
1303,2017,Michael Rector,Stanford,9.25,,36.5,129,4.19,4.19,4.19,4.19,2017
1304,2017,Josh Reynolds,Texas A&M,9.38,,37.0,124,4.13,4.13,4.13,4.13,2017
1305,2017,Jalen Robinette,Air Force,10.88,,31.5,120,4.46,4.46,4.46,4.46,2017
1306,2017,Darreus Rogers,Southern California,10.13,,26.5,112,4.54,4.54,4.54,4.54,2017
1307,2017,Fred Ross,Mississippi State,9.25,,35.0,113,4.28,4.28,4.28,4.28,2017
1308,2017,John Ross,Washington,8.75,,37.0,133,4.33,4.33,4.33,4.33,2017
1309,2017,Travis Rudolph,Florida State,9.25,,31.5,114,4.46,4.46,4.46,4.46,2017
1310,2017,Curtis Samuel,Ohio State,9.50,,37.0,119,4.33,4.33,4.33,4.33,2017
1311,2017,Artavis Scott,Clemson,9.38,,31.0,116,4.49,4.49,4.49,4.49,2017
1312,2017,Ricky Seals-Jones,Texas A&M,9.63,,28.0,121,4.33,4.33,4.33,4.33,2017
1313,2017,JuJu Smith-Schuster,Southern California,10.50,,32.5,120,5.01,5.01,5.01,5.01,2017
1314,2017,Jamari Staples,Louisville,9.50,,36.0,130,4.14,4.14,4.14,4.14,2017
1315,2017,ArDarius Stewart,Alabama,9.38,,34.0,124,4.21,4.21,4.21,4.21,2017
1316,2017,Ryan Switzer,North Carolina,9.25,,32.0,116,4.00,4.00,4.00,4.00,2017
1317,2017,Taywan Taylor,Western Kentucky,9.25,,33.5,132,4.21,4.21,4.21,4.21,2017
1318,2017,Trent Taylor,Louisiana Tech,8.25,,33.0,117,4.01,4.01,4.01,4.01,2017
1319,2017,Noel Thomas,Connecticut,8.75,,32.5,118,9.99,9.99,9.99,9.99,2017
1320,2017,Mike Williams,Clemson,9.38,,32.5,121,9.99,9.99,9.99,9.99,2017
